"Author: MattKimura","","","","","","","","","","","","","","","","","","","","","","","","",""
"Contact: Matt Kimura#5610  Add me on Discord and message me for any concerns or to submit saves. I love talking about emulation!","","","","","","","","","","","","","","","","","","","","","","","","",""
"About:","","","","","","","","","","","","","","","","","","","","","","","","",""
"When I first discovered a save for Resident Evil 2 with everything unlocked, I realized how useful saves are. So I thought to myself: why not create a spreadsheet and share these saves with everyone, similar to my list of improvement hacks. It can be a real hassle finding saves since most of the time the saves are in other formats that emulators can't use. In some cases, hex editing is required to convert those saves. I want to provide saves that you can easily use with emulators without jumping through hoops. Some of these saves are essential to making games much more enjoyable. A lot of us don't have the time these days to sit down and unlock everything from scratch. Some game unlocks are hardcore or no longer possible. Or you may have completed a game in the past but no longer have that save anymore. That's where these saves come into play and help you reach all the content of a game. There's many reasons to use these saves, it all depends on the user's needs. This list doesn't aim to include every game out there, so it's a take what you can get kind of deal. But I hope what I have here is useful to everyone! There will be different types of saves offered here such as 100%, starter, etc.","","","","","","","","","","","","","","","","","","","","","","","","",""
"If you want to give feedback about any saves or submit save files, use this form:
https://forms.gle/NjwDmSWf5JbxSKUy9","","","","","","","","","","","","","","","","","","","","","","","","",""
"If you enjoy this list, also check out my list of improvement rom hacks:
https://docs.google.com/spreadsheets/d/1dvVDYdju7NNjqwAR9o9FP4X2cAxnDzuPefNPfXq7V7Y/edit?usp=sharing","","","","","","","","","","","","","","","","","","","","","","","","",""
"My save project is also hosted on Github: https://github.com/MattKimura/Emulator-Saves","","","","","","","","","","","","","","","","","","","","","","","","",""
"Changelog:","","","","","","","","","","","","","","","","","","","","","","","","",""
"3-12-21: Added several PAL saves for Gamecube, and new saves for Resident Evil (Wii), Resident Evil 0 (Wii), Resident Evil 4 (GC)","","","","","","","","","","","","","","","","","","","","","","","","",""
"3-10-21: Added new saves for Sonic Heroes (GC), Super Mario Sunshine (GC), Zelda The Wind Wanker (GC), Zelda Twilight Princess (GC), Star Fox Adventures (GC), Zelda Twilight Princess (Wii)","","","","","","","","","","","","","","","","","","","","","","","","",""
"3-7-21: Added new saves for Kirby's Return to Dream Land (Wii), Donkey Kong Country Returns (Wii), Mario Kart Wii (Wii), WarioWare Smooth Moves (Wii), Super Smash Bros. Brawl (Wii), Super Mario Galaxy (Wii), Super Mario Galaxy 2 (Wii), Resident Evil 4 (Wii), Resident Evil The Umbrella Chronicles (Wii), Resident Evil The Darkside Chronicles (Wii), Mario Strikers Charged (Wii), Mario Super Sluggers (Wii), Metroid Prime 3 (Wii), Metroid Prime Trilogy (Wii)","","","","","","","","","","","","","","","","","","","","","","","","",""
"3-4-21: Added new saves for Mario Tennis (GBC), Super Mario Bros. Deluxe (GBC), Kirby's Dream Land 2 (GB), Donkey Kong (GB), Donkey Kong Land III (GBC), Kirby 64 (N64), Pokemon Stadium (N64), Pokemon Stadium 2 (N64), Diddy Kong Racing (N64),  F-Zero X (N64), Star Wars Episode I: Racer (N64), Yoshi's Story (N64), Mario Kart 64 (N64), Mischief Makers (N64), Bomberman 64 (N64), Wave Race 64 (N64), and Pokemon Snap (N64)","","","","","","","","","","","","","","","","","","","","","","","","",""
"2-26-21: Added new saves for Yoshi's Island DS (DS), Kirby Super Star Ultra (DS), Super Princess Peach","","","","","","","","","","","","","","","","","","","","","","","","",""
"2-24-21: Added new saves for WarioWare Touched (DS), Super Mario 64 DS (DS), Metroid Prime: Hunters (DS), Resident Evil: Deadly Silence (DS), New Super Mario Bros. (DS), Mario Kart DS (DS), and Zelda Phantom Hourglass (DS)","","","","","","","","","","","","","","","","","","","","","","","","",""
"2-23-21: Added new saves for Zelda Link's Awakening DX (GBC), and Super Mario RPG (SNES)","","","","","","","","","","","","","","","","","","","","","","","","",""