"Game Title","N64 Saves
Saves are provided as standard .eep/.fla/.sra/.mpk files for use with Project64, and as .srm for use with Retroarch N64 cores. Save Description","Save Type","Project64","Retroarch","","","","","","","","","","","","","","","","","","","","","",""
"Banjo-Kazooie","All 100 jiggies and 900 notes collected, all 24 honey combs collected, all Cheato capacity upgrade cheats activated, and play time is 8 hours and 40 mins","100%","https://drive.google.com/file/d/101tailKlwvBYW_b6IJB2trwGupXO2ZwX/view?usp=sharing","https://drive.google.com/file/d/1t54_UO7GDmEPwCCiXK8e-o0RC4LsNv-l/view?usp=sharing","","","","","","","","","","","","","","","","","","","","","",""
"Banjo-Tooie","All 90 jiggies and 900 notes collected, all 25 honey combs, all 45 jinjos, all 25 cheat pages collected with all cheats activated, dragon Kazooie obtained, faster swim ability obtained, and jinjo unlocked in multiplayer. All minigames, bosses, and cinema unlocked on main menu for replay","100%","https://drive.google.com/file/d/1JUHht380AqpPRhVL4mneCVGblGprS6P_/view?usp=sharing","https://drive.google.com/file/d/1UElUXZoiRE8MZPPrnu_BSsCOp2DAu5GQ/view?usp=sharing","","","","","","","","","","","","","","","","","","","","","",""
"Bomberman 64","File 1: Hard Mode, game cleared with all Gold Cards and Costume Pieces obtained.

File 2: Normal Mode, game cleared with all Gold Cards and Costume Pieces obtained

Music player, view credits, and full power mode available in the options menu. includes a custom Bomberman for battle mode, wearing all gold costume pieces, named ""BOMBER"" ","100%","https://drive.google.com/file/d/1Uc53U0jqMvgw58tUz3A6FXyeIsywBMkp/view?usp=sharing","https://drive.google.com/file/d/1nT5HLenb5DCIbzSUU19UeeL2ghehOVu3/view?usp=sharing","","","","","","","","","","","","","","","","","","","","","",""
"Diddy Kong Racing","Adventure 1 and 2 completed. All 47 balloons collected, all five trophies collected, all keys collected, all T.T. pieces collected, all Wizpig amulet pieces collected, Drumstick and T.T. unlocked, and final Wizpig race beaten","100%","https://drive.google.com/file/d/1JKFy1cNE09pqmktS4G23LunJ0aVQN5SD/view?usp=sharing","https://drive.google.com/file/d/1PszevDNy6-AUXgZkubFK68tnGEeYXtc3/view?usp=sharing","","","","","","","","","","","","","","","","","","","","","",""
"Donkey Kong 64","101% completion with all 201 golden bananas, all 100 regular bananas for every kong in each world, all banana medals, all 20 banana fairies, all 10 crowns, all abilities, all mystery menu items unlocked including the donkey kong & jetpack games, and unlocked Krusha in multiplayer","100%","https://drive.google.com/file/d/1R0bRN6eOarMiSyJEBCTwcuZ78WEiBVD0/view?usp=sharing","https://drive.google.com/file/d/17aWCNJ8YGDLzlsbehMAw4n3Y4ERzB-Nz/view?usp=sharing","","","","","","","","","","","","","","","","","","","","","",""
"F-Zero X","All cups unlocked and complete, all vehicles and difficulties unlocked, all staff ghosts beaten, every single trophy collected for every racer for every cup for every difficulty","100%","https://drive.google.com/file/d/1-s7hGf9h2IJNrdGmV5Bfisd3z5Z_Ne-S/view?usp=sharing","https://drive.google.com/file/d/1-BcW8anS_nuPglmXGC646uxT0MfPbMQJ/view?usp=sharing","","","","","","","","","","","","","","","","","","","","","",""
"Kirby 64: The Crystal Shards","All stages unlocked, all crystal shards collected, all enemy info cards collected, all mini-game difficulties unlocked, and sound test unlocked","100%","https://drive.google.com/file/d/1_Mb9nkGKh6xgiE32qHRi0JOBykDw6R6S/view?usp=sharing","https://drive.google.com/file/d/1KqKhTHgfBNJhAHFcDczRN7_yI57ZLQte/view?usp=sharing","","","","","","","","","","","","","","","","","","","","","",""
"Mario Kart 64","Mirror mode unlocked, gold trophy on all cups for 50CC / 100CC / 150CC / mirror mode, and alternate title screen unlocked ","100%","https://drive.google.com/file/d/1Uv5OswEivPYJmTm9SoGa3sE1BrSwY18-/view?usp=sharing","https://drive.google.com/file/d/1a7f3d-se8aYdh-Ds_j3M2yKB2OcO1nW7/view?usp=sharing","","","","","","","","","","","","","","","","","","","","","",""
"Mega Man 64","At Main Gate with all items & key items, special weapons upgraded to the max, side quests completed, and hard/easy modes unlocked on the main menu

Note: File 1 is the 100% save file, file 2 was used to unlock easy mode","100%","https://drive.google.com/file/d/1VRUKdiWsnbHNNJXjO-oajbpnwKyeOTCB/view?usp=sharing","https://drive.google.com/file/d/1KzJLabmxDMyIjPf9EPlxgL3C3uguUKtw/view?usp=sharing","","","","","","","","","","","","","","","","","","","","","",""
"Mischief Makers","Game cleared, all yellow gems acquired, A ranks on all stages, and max red gems","100%","https://drive.google.com/file/d/1uM5pNcl88te_MeEiLRvT9ereEMg6UU3M/view?usp=sharing","https://drive.google.com/file/d/1Fd8yliCw50Shct9gjJD8Fq-yCu9UoZ7o/view?usp=sharing","","","","","","","","","","","","","","","","","","","","","",""
"Pokemon Snap","All 63 Pokemon photographed, all items obtained (Apple, Pester Ball, Fast Engine and Poke Flute), all Pokemon signs photographed, Rainbow Cloud unlocked, and 10'000 points Mew picture","100%","https://drive.google.com/file/d/1ckrwQvUbjmj6rVdWv48FGY_2OufhqpW7/view?usp=sharing","https://drive.google.com/file/d/1bwUKExOkeSiHxYZVWtGHdTv9qPjRkdiZ/view?usp=sharing","","","","","","","","","","","","","","","","","","","","","",""
"Pokemon Stadium","Round 1 + 2 fully complete. stadium, gym leader's castle, and rival beaten. Hyper difficulty in the mini games section unlocked, dodrio Game Boy unlocked, and all 151 Pokemon collected in the Hall of Fame.","100%","https://drive.google.com/file/d/10OR6AAmOFxsyLNWd_f6G9jCJbF4-mKaj/view?usp=sharing","https://drive.google.com/file/d/1pjhtiRr8J046dKbfxoEb2niHSuLsHLe1/view?usp=sharing","","","","","","","","","","","","","","","","","","","","","",""
"Pokemon Stadium 2","Round 1 + 2 fully complete. Jotho and Kanto gym leaders complete, and rival beaten. Pokemon Academy complete, Dodrio GB Tower unlocked, very hard difficulty in the mini-games section unlocked","100%","https://drive.google.com/file/d/19tHyOD1QO5bFZr9brOikIAUpMW-QdIl5/view?usp=sharing","https://drive.google.com/file/d/1yw0gDOs-0A1SfG7HAYMCHkik3ljnq6yR/view?usp=sharing","","","","","","","","","","","","","","","","","","","","","",""
"Resident Evil 2","Hunk and Tofu modes unlocked, all infinite weapons unlocked for arranged mode, and saves for Claire A/B & Leon A/B scenarios","100%","https://drive.google.com/file/d/1QwaSKB7ICJTnz2eJMTlm131N94YvBo4S/view?usp=sharing","https://drive.google.com/file/d/1uTXkMOPyFFn_Vdl0Yh_iGN18QttZaa8v/view?usp=sharing","","","","","","","","","","","","","","","","","","","","","",""
"Star Wars Episode I: Racer","All tracks and pod-racers unlocked (including hidden characters Cy Yunga and Jinn Reeso), all tracks and mirrored tracks placed in 1st, game played and beaten entirely with Anakin Skywalker","100%","https://drive.google.com/file/d/1LzIQUnTJxckukA56pIlsBgb9vQ5NRAk2/view?usp=sharing","https://drive.google.com/file/d/1vsR-25j9x3hqlBmaBRbYDJa5lGva7X3c/view?usp=sharing","","","","","","","","","","","","","","","","","","","","","",""
"Super Mario 64","All 120 stars collected","100%","https://drive.google.com/file/d/1IF2VVU7neu4ZsdHahgZ92UVr0njBK1IH/view?usp=sharing","https://drive.google.com/file/d/16x8Lh_o9poo9F_tP-2cXlfRC_hCOJIPh/view?usp=sharing","","","","","","","","","","","","","","","","","","","","","",""
"Super Smash Bros.","All characters and stages unlocked, sound test unlocked, and the item switch for VS mode unlocked","100%","https://drive.google.com/file/d/1LtzTAiLUyxbTSKv80Uoasto_Ha49QmUc/view?usp=sharing","https://drive.google.com/file/d/1RjuGokC43iqfWmi-8W2Vt-webLmQyQpH/view?usp=sharing","","","","","","","","","","","","","","","","","","","","","",""
"Wave Race 64","All championship modes unlocked including reverse mode, Glacier Coast and Twilight City coarses unlocked, and dolphin code unlocked","100%","https://drive.google.com/file/d/1WBkMR0rfnfd0HUaqOG2uSy220lQevHT3/view?usp=sharing","https://drive.google.com/file/d/19AXDzIfPu_kax3f9808SwXGP99drdh9l/view?usp=sharing","","","","","","","","","","","","","","","","","","","","","",""
"Yoshi's Story","100% Complete, black and white Yoshis unlocked for story mode, and all stages available for trial mode","100%","https://drive.google.com/file/d/1_ouAdqWgTNwiegViu3SeX1OXc-pVB10w/view?usp=sharing","https://drive.google.com/file/d/1DCsaZF7Uo1xJsKjr-iUQZ4zxMY2kMIpH/view?usp=sharing","","","","","","","","","","","","","","","","","","","","","",""
"Zelda: Majora's Mask","All 20 hearts, all inventory items & capacity upgrades, all 24 masks, all dungeons completed, and Bomber's notebook completed. File name is Link","100%","https://drive.google.com/file/d/1IMQdLtIeS0T9P4gb1Xj57Iq9AjGF33Xq/view?usp=sharing","https://drive.google.com/file/d/1N2cgnUWelgLc4lgBVNDK_OU3NpdRxnYi/view?usp=sharing","","","","","","","","","","","","","","","","","","","","","",""
"Zelda: Ocarina of Time","All 20 hearts, all inventory items & capacity upgrades, all 100 gold skulltula tokens, all dungeons completed, Epona obtained and cow in Link's house, and all or most treasure found. File name is Link","100%","https://drive.google.com/file/d/1fGi8-HKxuWf67AZPZZAWpUJmOiZypYgr/view?usp=sharing","https://drive.google.com/file/d/1VBRS7mK4mhaKG4vBZwkhpFtIsN-s_CpV/view?usp=sharing","","","","","","","","","","","","","","","","","","","","","",""