save_kind,game,rom_file,creator,source_site,source_page,direct_url,upload_date,source_section,stated_completion,source_stated_version,original_filename,original_format,original_location,redistribution_note,repost_restricted
controller pak,007 - The World Is Not Enough,007 - The World Is Not Enough (USA).z64,TenebrusoM,GameFAQs,https://gamefaqs.gamespot.com/n64/914163-007-the-world-is-not-enough/saves,https://gamefaqs.gamespot.com/n64/914163-007-the-world-is-not-enough/saves/1083,09/04/2001,Nintendo 64 DexDrive Save (North America),Everything done and unlocked,Nintendo 64 DexDrive Save (North America),007-the-world-is-not-enough.1083.n64,DexDrive .n64 (Controller Pak),originals/_controller_pak/007 The World Is Not Enough/007-the-world-is-not-enough.1083.n64,No reposting terms stated in the GameFAQs description or in-file comments.,no
cartridge,1080° Snowboarding,"1080 Snowboarding (Japan, USA) (En,Ja).z64",madmodder123 (repo owner; original save author not credited),GitHub: madmodder123/retropie_saves,https://github.com/madmodder123/retropie_saves,https://github.com/madmodder123/retropie_saves/blob/2848dd20b5c3b4958db6750f098ae1f62f1a2e6e/n64/1080%20Snowboarding%20(JU)%20(M2)%20%5B!%5D.sra,2018-05-13 (commit 3d96dc2),n64 (Project64/mupen format),"Not stated per file. Repo README: saves focused on multiplayer content and unlockables (levels, characters, bonus levels).",(JU) (M2) [!] (GoodN64 Japan/USA),1080 Snowboarding (JU) (M2) [!].sra,Project64 .sra,originals/1080 Snowboarding/1080 Snowboarding (JU) (M2) [!].sra,Repo has no license file. README shares the saves so others can skip unlocking; no reposting terms. Original save authors are not credited per file.,no
controller pak,Aidyn Chronicles - The First Mage,Aidyn Chronicles - The First Mage (USA) (Rev 1).z64,TerrisUS,GameFAQs,https://gamefaqs.gamespot.com/n64/196565-aidyn-chronicles-the-first-mage/saves,https://gamefaqs.gamespot.com/n64/196565-aidyn-chronicles-the-first-mage/saves/14077,01/03/2007,Nintendo 64 DexDrive Save (North America),"Save files near the end of the game. One before the final battle, and one on the way to Erromon.",Nintendo 64 DexDrive Save (North America),aidyn-chronicles-the-first-mage.14077.n64,DexDrive .n64 (Controller Pak),originals/_controller_pak/Aidyn Chronicles The First Mage/aidyn-chronicles-the-first-mage.14077.n64,No reposting terms stated in the GameFAQs description or in-file comments.,no
controller pak,All-Star Baseball 99,All-Star Baseball 99 (USA).z64,ACA,GameFAQs,https://gamefaqs.gamespot.com/n64/196585-all-star-baseball-99/saves,https://gamefaqs.gamespot.com/n64/196585-all-star-baseball-99/saves/1131,09/29/2001,Nintendo 64 DexDrive Save (North America),This contains T64's all-star roster for the Pirates. It has all the big named players.,Nintendo 64 DexDrive Save (North America),all-star-baseball-99.1131.n64,DexDrive .n64 (Controller Pak),originals/_controller_pak/All-Star Baseball 99/all-star-baseball-99.1131.n64,No reposting terms stated in the GameFAQs description or in-file comments. Uploader credits T64 as the save's creator.,no
controller pak,Animal Forest,Animal Forest (Japan) [T-En by Zoinkity v021210] [i] [n].z64,grimakis,GameFAQs,https://gamefaqs.gamespot.com/n64/579007-doubutsu-no-mori/saves,https://gamefaqs.gamespot.com/n64/579007-doubutsu-no-mori/saves/24446,10/21/2015,Nintendo 64 DexDrive Save (Japan),Original Controller Pak Data - 2 Famicom Games and 1 Song at Post Office,Nintendo 64 DexDrive Save (Japan),doubutsu-no-mori.24446.n64,DexDrive .n64 (Controller Pak),originals/_controller_pak/Animal Forest/doubutsu-no-mori.24446.n64,No reposting terms stated in the GameFAQs description or in-file comments.,no
controller pak,Army Men - Sarge's Heroes 2,Army Men - Sarge's Heroes 2 (USA).z64,TenebrusoM,GameFAQs,https://gamefaqs.gamespot.com/n64/340233-army-men-sarges-heroes-2/saves,https://gamefaqs.gamespot.com/n64/340233-army-men-sarges-heroes-2/saves/1074,09/01/2001,Nintendo 64 DexDrive Save (North America),Starts you at the final save point in the game,Nintendo 64 DexDrive Save (North America),army-men-sarges-heroes-2.1074.n64,DexDrive .n64 (Controller Pak),originals/_controller_pak/Army Men Sarge's Heroes 2/army-men-sarges-heroes-2.1074.n64,No reposting terms stated in the GameFAQs description or in-file comments.,no
controller pak,Automobili Lamborghini,Automobili Lamborghini (USA).z64,ACA,GameFAQs,https://gamefaqs.gamespot.com/n64/196671-automobili-lamborghini/saves,https://gamefaqs.gamespot.com/n64/196671-automobili-lamborghini/saves/1140,10/03/2001,Nintendo 64 DexDrive Save (North America),All cars and reverse modes unlocked by T64.,Nintendo 64 DexDrive Save (North America),automobili-lamborghini.1140.n64,DexDrive .n64 (Controller Pak),originals/_controller_pak/Automobili Lamborghini/automobili-lamborghini.1140.n64,No reposting terms stated in the GameFAQs description or in-file comments. Uploader credits T64 as the save's creator.,no
cartridge,Banjo-Kazooie,Banjo-Kazooie (USA) (Rev 1).z64,ACA,GameFAQs,https://gamefaqs.gamespot.com/n64/196694-banjo-kazooie/saves,https://gamefaqs.gamespot.com/n64/196694-banjo-kazooie/saves/1141,10/03/2001,Nintendo 64 DexDrive Save (North America),Game fully completed with everything unlocked by T64.,Not stated,banjo-kazooie.1141.n64,DexDrive .n64 image,originals/Banjo-Kazooie/banjo-kazooie.1141.n64,No reposting terms stated in the GameFAQs description or in-file comments. Uploader credits T64 as the save's creator.,no
cartridge,Banjo-Tooie,Banjo-Tooie (USA).z64,MattKimura (collection maintainer; original save author not credited),GitHub: MattKimura/Emulator-Saves (index sheet: docs.google.com/spreadsheets/d/1qO3alu1R5jUtkZY4ZE9roMqQS_ee_Yf38PIKJ9THP6Q),https://github.com/MattKimura/Emulator-Saves,https://github.com/MattKimura/Emulator-Saves/blob/6a7b097895ddbcf2fb32ec1491762893386ed762/100%25%20Saves/N64/Banjo-Tooie.zip,2024-12-23 (commit 36ceb41),100% Saves/N64 (Project64 format),"All 90 jiggies and 900 notes collected, all 25 honey combs, all 45 jinjos, all 25 cheat pages collected with all cheats activated, dragon Kazooie obtained, faster swim ability obtained, and jinjo unlocked in multiplayer. All minigames, bosses, and cinema unlocked on main menu for replay (100%)",Not stated,Banjo-Tooie.zip -> BANJO TOOIE.eep,zip of Project64 save,originals/Banjo-Tooie/Banjo-Tooie.zip,Repo has no license file. README invites downloading the saves; no reposting terms. Original save authors are not credited per file.,no
controller pak,BattleTanx,BattleTanx (USA).z64,ACA,GameFAQs,https://gamefaqs.gamespot.com/n64/196733-battletanx/saves,https://gamefaqs.gamespot.com/n64/196733-battletanx/saves/1142,10/03/2001,Nintendo 64 DexDrive Save (North America),T64's save with extra options available!,Nintendo 64 DexDrive Save (North America),battletanx.1142.n64,DexDrive .n64 (Controller Pak),originals/_controller_pak/BattleTanx/battletanx.1142.n64,No reposting terms stated in the GameFAQs description or in-file comments. Uploader credits T64 as the save's creator.,no
controller pak,BattleTanx - Global Assault,BattleTanx - Global Assault (USA).z64,TenebrusoM,GameFAQs,https://gamefaqs.gamespot.com/n64/196734-battletanx-global-assault/saves,https://gamefaqs.gamespot.com/n64/196734-battletanx-global-assault/saves/1075,09/01/2001,Nintendo 64 DexDrive Save (North America),Starts you at final save point with a lot of tank bucks,Nintendo 64 DexDrive Save (North America),battletanx-global-assault.1075.n64,DexDrive .n64 (Controller Pak),originals/_controller_pak/BattleTanx Global Assault/battletanx-global-assault.1075.n64,No reposting terms stated in the GameFAQs description or in-file comments.,no
controller pak,Beetle Adventure Racing!,"Beetle Adventure Racing! (USA) (En,Fr,De).z64",ACA,GameFAQs,https://gamefaqs.gamespot.com/n64/196751-beetle-adventure-racing/saves,https://gamefaqs.gamespot.com/n64/196751-beetle-adventure-racing/saves/1143,10/03/2001,Nintendo 64 DexDrive Save (North America),The fully unlocked T64 save file.,Nintendo 64 DexDrive Save (North America),beetle-adventure-racing.1143.n64,DexDrive .n64 (Controller Pak),originals/_controller_pak/Beetle Adventure Racing!/beetle-adventure-racing.1143.n64,No reposting terms stated in the GameFAQs description or in-file comments. Uploader credits T64 as the save's creator.,no
controller pak,Bio F.R.E.A.K.S,Bio F.R.E.A.K.S. (USA).z64,ACA,GameFAQs,https://gamefaqs.gamespot.com/n64/196759-bio-freaks/saves,https://gamefaqs.gamespot.com/n64/196759-bio-freaks/saves/1144,10/03/2001,Nintendo 64 DexDrive Save (North America),Start at Mutilator with Bullzeye by T64.,Nintendo 64 DexDrive Save (North America),bio-freaks.1144.n64,DexDrive .n64 (Controller Pak),originals/_controller_pak/Bio F.R.E.A.K.S/bio-freaks.1144.n64,No reposting terms stated in the GameFAQs description or in-file comments. Uploader credits T64 as the save's creator.,no
controller pak,Blast Corps,Blast Corps (USA) (Rev 1).z64,ACA,GameFAQs,https://gamefaqs.gamespot.com/n64/196774-blast-corps/saves,https://gamefaqs.gamespot.com/n64/196774-blast-corps/saves/1145,10/03/2001,Nintendo 64 DexDrive Save (North America),T64 fully unlocked save file.,Nintendo 64 DexDrive Save (North America),blast-corps.1145.n64,DexDrive .n64 (Controller Pak),originals/_controller_pak/Blast Corps/blast-corps.1145.n64,No reposting terms stated in the GameFAQs description or in-file comments. Uploader credits T64 as the save's creator.,no
cartridge,Bomberman 64,Bomberman 64 (USA).z64,MattKimura (collection maintainer; original save author not credited),GitHub: MattKimura/Emulator-Saves (index sheet: docs.google.com/spreadsheets/d/1qO3alu1R5jUtkZY4ZE9roMqQS_ee_Yf38PIKJ9THP6Q),https://github.com/MattKimura/Emulator-Saves,https://github.com/MattKimura/Emulator-Saves/blob/6a7b097895ddbcf2fb32ec1491762893386ed762/100%25%20Saves/N64/Bomberman%2064.zip,2024-12-23 (commit 36ceb41),100% Saves/N64 (Project64 format),"File 1: Hard Mode, game cleared with all Gold Cards and Costume Pieces obtained. File 2: Normal Mode, game cleared with all Gold Cards and Costume Pieces obtained. Music player, view credits, and full power mode available in the options menu. Custom Bomberman ""BOMBER"" (100%)",(U) [!] (GoodN64 USA),Bomberman 64.zip -> Bomberman 64 (U) [!].eep,zip of Project64 save,originals/Bomberman 64/Bomberman 64.zip,Repo has no license file. README invites downloading the saves; no reposting terms. Original save authors are not credited per file.,no
cartridge,Bomberman 64: The Second Attack!,Bomberman 64 - The Second Attack! (USA).z64,madmodder123 (repo owner; original save author not credited),GitHub: madmodder123/retropie_saves,https://github.com/madmodder123/retropie_saves,https://github.com/madmodder123/retropie_saves/blob/2848dd20b5c3b4958db6750f098ae1f62f1a2e6e/n64/Bomberman%2064%20-%20The%20Second%20Attack%21%20%28U%29%20%5B%21%5D.eep,2018-05-13 (commit 3d96dc2),n64 (Project64/mupen format),Not stated per file. Repo README: saves focused on multiplayer content and unlockables.,(U) [!] (GoodN64 USA),Bomberman 64 - The Second Attack! (U) [!].eep,Project64 .eep,originals/Bomberman 64 The Second Attack!/Bomberman 64 - The Second Attack! (U) [!].eep,Repo has no license file. README shares the saves so others can skip unlocking; no reposting terms. Original save authors are not credited per file.,no
cartridge,Bomberman Hero,Bomberman Hero (USA).z64,Jagr_68,GameFAQs,https://gamefaqs.gamespot.com/n64/196801-bomberman-hero/saves,https://gamefaqs.gamespot.com/n64/196801-bomberman-hero/saves/22533,07/09/2012,Wii VC Game Save File (North America),NA3E - 100% completion with all mini-game modes unlocked,Wii VC NA3E (US release); ROM revision not stated,bomberman-hero.22533.bin,Wii save data.bin (encrypted),originals/Bomberman Hero/bomberman-hero.22533.bin,No reposting terms stated in the GameFAQs description or in-file comments.,no
controller pak,Buck Bumble,Buck Bumble (USA).z64,slodeth,GameFAQs,https://gamefaqs.gamespot.com/n64/196835-buck-bumble/saves,https://gamefaqs.gamespot.com/n64/196835-buck-bumble/saves/857,05/15/2001,Nintendo 64 DexDrive Save (North America),"Saves at levels 12-19, 9 lives for final level",Nintendo 64 DexDrive Save (North America),buck-bumble.857.n64,DexDrive .n64 (Controller Pak),originals/_controller_pak/Buck Bumble/buck-bumble.857.n64,No reposting terms stated in the GameFAQs description or in-file comments.,no
controller pak,Bust-A-Move '99,Bust-A-Move '99 (USA).z64,ACA,GameFAQs,https://gamefaqs.gamespot.com/n64/196850-bust-a-move-99/saves,https://gamefaqs.gamespot.com/n64/196850-bust-a-move-99/saves/1132,09/29/2001,Nintendo 64 DexDrive Save (North America),T64Mike's completed Bust-A-Move '99 save. Puzzles unlocked.,Nintendo 64 DexDrive Save (North America),bust-a-move-99.1132.n64,DexDrive .n64 (Controller Pak),originals/_controller_pak/Bust-A-Move '99/bust-a-move-99.1132.n64,No reposting terms stated in the GameFAQs description or in-file comments.,no
controller pak,California Speed,California Speed (USA).z64,n64man,GameFAQs,https://gamefaqs.gamespot.com/n64/196863-california-speed/saves,https://gamefaqs.gamespot.com/n64/196863-california-speed/saves/1995,11/18/2002,Nintendo 64 DexDrive Save (North America),All cars and tracks unlocked.,Nintendo 64 DexDrive Save (North America),california-speed.1995.n64,DexDrive .n64 (Controller Pak),originals/_controller_pak/California Speed/california-speed.1995.n64,No reposting terms stated in the GameFAQs description or in-file comments.,no
controller pak,Castlevania,Castlevania (USA) (Rev 2).z64,ACA,GameFAQs,https://gamefaqs.gamespot.com/n64/196882-castlevania/saves,https://gamefaqs.gamespot.com/n64/196882-castlevania/saves/1151,10/06/2001,,T64 at final area with two characters to kill Dracula.,,castlevania.1151.n64,DexDrive .n64 (Controller Pak),originals/_controller_pak/Castlevania/castlevania.1151.n64,No reposting terms stated in the GameFAQs description or in-file comments. Uploader credits T64 as the save's creator.,no
controller pak,Castlevania - Legacy of Darkness,Castlevania - Legacy of Darkness (USA).z64,grimakis,GameFAQs,https://gamefaqs.gamespot.com/n64/196883-castlevania-legacy-of-darkness/saves,https://gamefaqs.gamespot.com/n64/196883-castlevania-legacy-of-darkness/saves/22810,01/04/2013,,"100%, All Characters, All Costumes, Hard Mode Unlocked",,castlevania-legacy-of-darkness.22810.n64,DexDrive .n64 (Controller Pak),originals/_controller_pak/Castlevania Legacy of Darkness/castlevania-legacy-of-darkness.22810.n64,No reposting terms stated in the GameFAQs description or in-file comments.,no
controller pak,Chameleon Twist 2,Chameleon Twist 2 (USA).z64,ACA,GameFAQs,https://gamefaqs.gamespot.com/n64/196897-chameleon-twist-2/saves,https://gamefaqs.gamespot.com/n64/196897-chameleon-twist-2/saves/1153,10/06/2001,Nintendo 64 DexDrive Save (North America),"All four characters with everything unlocked, T64.",Nintendo 64 DexDrive Save (North America),chameleon-twist-2.1153.n64,DexDrive .n64 (Controller Pak),originals/_controller_pak/Chameleon Twist 2/chameleon-twist-2.1153.n64,No reposting terms stated in the GameFAQs description or in-file comments. Uploader credits T64 as the save's creator.,no
controller pak,Choro Q 64 2 - Hacha Mecha Grand Prix Race,Choro Q 64 2 - Hacha Mecha Grand Prix Race (Japan) [T-En by Zoinkity v1.0].z64,Teary_Eyes,GameFAQs,https://gamefaqs.gamespot.com/n64/576600-choro-q-64-2/saves,https://gamefaqs.gamespot.com/n64/576600-choro-q-64-2/saves/15517,09/01/2007,Nintendo 64 DexDrive Save (Japan),Every Part and unlockable item saved,Nintendo 64 DexDrive Save (Japan),choro-q-64-2.15517.n64,DexDrive .n64 (Controller Pak),originals/_controller_pak/Choro Q 64 2 Hacha Mecha Grand Prix Race/choro-q-64-2.15517.n64,No reposting terms stated in the GameFAQs description or in-file comments.,no
cartridge,Conker's Bad Fur Day,Conker's Bad Fur Day (USA).z64,TenebrusoM,GameFAQs,https://gamefaqs.gamespot.com/n64/196973-conkers-bad-fur-day/saves,https://gamefaqs.gamespot.com/n64/196973-conkers-bad-fur-day/saves/1086,09/04/2001,Nintendo 64 DexDrive Save (North America),"100% done | In-file DexDrive comment: ""Game Completed""",Not stated,conkers-bad-fur-day.1086.n64,DexDrive .n64 image,originals/Conker's Bad Fur Day/conkers-bad-fur-day.1086.n64,No reposting terms stated in the GameFAQs description or in-file comments.,no
cartridge,Cruis'n USA,Cruis'n USA (USA) (Rev 2).z64,xcinder360,GameFAQs,https://gamefaqs.gamespot.com/n64/197003-cruisn-usa/saves,https://gamefaqs.gamespot.com/n64/197003-cruisn-usa/saves/20515,04/05/2010,Wii Game Save File (North America),NASE - All upgrades unlocked (including those for secret vehicles),Wii VC NASE (US release); ROM revision not stated,cruisn-usa.20515.bin,Wii save data.bin (encrypted),originals/Cruis'n USA/cruisn-usa.20515.bin,No reposting terms stated in the GameFAQs description or in-file comments.,no
controller pak,CyberTiger,CyberTiger (USA).z64,n64man,GameFAQs,https://gamefaqs.gamespot.com/n64/197025-cybertiger/saves,https://gamefaqs.gamespot.com/n64/197025-cybertiger/saves/1990,11/18/2002,Nintendo 64 DexDrive Save (North America),"All bonus costumes, characters and hidden volcano course unlocked.",Nintendo 64 DexDrive Save (North America),cybertiger.1990.n64,DexDrive .n64 (Controller Pak),originals/_controller_pak/CyberTiger/cybertiger.1990.n64,No reposting terms stated in the GameFAQs description or in-file comments.,no
controller pak,Deadly Arts,Deadly Arts (USA).z64,ACA,GameFAQs,https://gamefaqs.gamespot.com/n64/197070-deadly-arts/saves,https://gamefaqs.gamespot.com/n64/197070-deadly-arts/saves/1155,10/06/2001,Nintendo 64 DexDrive Save (North America),"All of the characters unlocked, T64.",Nintendo 64 DexDrive Save (North America),deadly-arts.1155.n64,DexDrive .n64 (Controller Pak),originals/_controller_pak/Deadly Arts/deadly-arts.1155.n64,No reposting terms stated in the GameFAQs description or in-file comments. Uploader credits T64 as the save's creator.,no
controller pak,Destruction Derby 64,Destruction Derby 64 (USA).z64,ZHankla,GameFAQs,https://gamefaqs.gamespot.com/n64/197105-destruction-derby-64/saves,https://gamefaqs.gamespot.com/n64/197105-destruction-derby-64/saves/1356,12/10/2001,Nintendo 64 DexDrive Save (North America),"Has all tracks, cars and even some killer times and scores to beat!",Nintendo 64 DexDrive Save (North America),destruction-derby-64.1356.n64,DexDrive .n64 (Controller Pak),originals/_controller_pak/Destruction Derby 64/destruction-derby-64.1356.n64,No reposting terms stated in the GameFAQs description or in-file comments.,no
cartridge,Diddy Kong Racing,"Diddy Kong Racing (USA) (En,Fr) (Rev 1).z64",TenebrusoM,GameFAQs,https://gamefaqs.gamespot.com/n64/197118-diddy-kong-racing/saves,https://gamefaqs.gamespot.com/n64/197118-diddy-kong-racing/saves/1101,09/05/2001,Nintendo 64 DexDrive Save (North America),"All ballons adventure 1, all ballons in adventure 2, and Drumstick and T.T. are unlocked as playable characters",Not stated,diddy-kong-racing.1101.n64,DexDrive .n64 image,originals/Diddy Kong Racing/diddy-kong-racing.1101.n64,No reposting terms stated in the GameFAQs description or in-file comments.,no
controller pak,Donald Duck - Goin' Quackers,"Donald Duck - Goin' Quackers (USA) (En,Fr,De,Es,It).z64",madmodder123 (repo),GitHub: madmodder123/retropie_saves,https://github.com/madmodder123/retropie_saves/tree/2848dd20b5c3b4958db6750f098ae1f62f1a2e6e/n64,https://github.com/madmodder123/retropie_saves/blob/2848dd20b5c3b4958db6750f098ae1f62f1a2e6e/n64/Disney's%20Donald%20Duck%20-%20Goin'%20Quackers%20(U)%20[!].mpk,,RetroPie .mpk,Not stated,RetroPie .mpk,Disney's Donald Duck - Goin' Quackers (U) [!].mpk,RetroPie/mupen64plus .mpk,originals/_controller_pak/Donald Duck Goin' Quackers/Disney's Donald Duck - Goin' Quackers (U) [!].mpk,Repo has no license file. README shares the saves so others can skip unlocking; no reposting terms. Original save authors are not credited per file.,no
cartridge,Donkey Kong 64,Donkey Kong 64 (USA).z64,MattKimura (collection maintainer; original save author not credited),GitHub: MattKimura/Emulator-Saves (index sheet: docs.google.com/spreadsheets/d/1qO3alu1R5jUtkZY4ZE9roMqQS_ee_Yf38PIKJ9THP6Q),https://github.com/MattKimura/Emulator-Saves,https://github.com/MattKimura/Emulator-Saves/blob/6a7b097895ddbcf2fb32ec1491762893386ed762/100%25%20Saves/N64/DONKEY%20KONG%2064.eep,2024-12-23 (commit 36ceb41),100% Saves/N64 (Project64 format),"101% completion with all 201 golden bananas, all 100 regular bananas for every kong in each world, all banana medals, all 20 banana fairies, all 10 crowns, all abilities, all mystery menu items unlocked including the donkey kong & jetpack games, and unlocked Krusha in multiplayer (100%)",Not stated,DONKEY KONG 64.eep,Project64 .eep,originals/Donkey Kong 64/DONKEY KONG 64.eep,Repo has no license file. README invites downloading the saves; no reposting terms. Original save authors are not credited per file.,no
controller pak,Doom 64,Doom 64 (USA) (Rev 1).z64,slodeth,GameFAQs,https://gamefaqs.gamespot.com/n64/197141-doom-64/saves,https://gamefaqs.gamespot.com/n64/197141-doom-64/saves/864,05/12/2001,Nintendo 64 DexDrive Save (North America),Saves for most levels,Nintendo 64 DexDrive Save (North America),doom-64.864.n64,DexDrive .n64 (Controller Pak),originals/_controller_pak/Doom 64/doom-64.864.n64,No reposting terms stated in the GameFAQs description or in-file comments.,no
cartridge,Dr. Mario 64,Dr. Mario 64 (USA).z64,madmodder123 (repo owner; original save author not credited),GitHub: madmodder123/retropie_saves,https://github.com/madmodder123/retropie_saves,https://github.com/madmodder123/retropie_saves/blob/2848dd20b5c3b4958db6750f098ae1f62f1a2e6e/n64/Dr.%20Mario%2064%20(U)%20%5B!%5D.eep,2018-05-13 (commit 3d96dc2),n64 (Project64/mupen format),"Not stated per file. Repo README: saves focused on multiplayer content and unlockables (levels, characters, bonus levels).",(U) [!] (GoodN64 USA),Dr. Mario 64 (U) [!].eep,Project64 .eep,originals/Dr. Mario 64/Dr. Mario 64 (U) [!].eep,Repo has no license file. README shares the saves so others can skip unlocking; no reposting terms. Original save authors are not credited per file.,no
controller pak,Dual Heroes,Dual Heroes (USA).z64,TenebrusoM,GameFAQs,https://gamefaqs.gamespot.com/n64/197169-dual-heroes/saves,https://gamefaqs.gamespot.com/n64/197169-dual-heroes/saves/1092,09/04/2001,Nintendo 64 DexDrive Save (North America),Everything done,Nintendo 64 DexDrive Save (North America),dual-heroes.1092.n64,DexDrive .n64 (Controller Pak),originals/_controller_pak/Dual Heroes/dual-heroes.1092.n64,No reposting terms stated in the GameFAQs description or in-file comments.,no
controller pak,Duke Nukem - Zero Hour,Duke Nukem - Zero Hour (USA).z64,HanuMachine,GameFAQs,https://gamefaqs.gamespot.com/n64/188913-duke-nukem-zero-hour/saves,https://gamefaqs.gamespot.com/n64/188913-duke-nukem-zero-hour/saves/2965,09/30/2003,Nintendo 64 DexDrive Save (North America),First two parts for time machine collected,Nintendo 64 DexDrive Save (North America),duke-nukem-zero-hour.2965.n64,DexDrive .n64 (Controller Pak),originals/_controller_pak/Duke Nukem Zero Hour/duke-nukem-zero-hour.2965.n64,No reposting terms stated in the GameFAQs description or in-file comments.,no
controller pak,Duke Nukem 64,Duke Nukem 64 (USA).z64,KeeperBvK,GameFAQs,https://gamefaqs.gamespot.com/n64/197176-duke-nukem-64/saves,https://gamefaqs.gamespot.com/n64/197176-duke-nukem-64/saves/11994,05/28/2006,Nintendo 64 DexDrive Save (North America),Level 23 on the hardest diffculty setting.,Nintendo 64 DexDrive Save (North America),duke-nukem-64.11994.n64,DexDrive .n64 (Controller Pak),originals/_controller_pak/Duke Nukem 64/duke-nukem-64.11994.n64,No reposting terms stated in the GameFAQs description or in-file comments.,no
controller pak,ECW Hardcore Revolution,ECW Hardcore Revolution (USA).z64,nyctenebruso,GameFAQs,https://gamefaqs.gamespot.com/n64/197210-ecw-hardcore-revolution/saves,https://gamefaqs.gamespot.com/n64/197210-ecw-hardcore-revolution/saves/1000,07/30/2001,Nintendo 64 DexDrive Save (North America),All the hidden wrestlers and cheats unlocked.,Nintendo 64 DexDrive Save (North America),ecw-hardcore-revolution.1000.n64,DexDrive .n64 (Controller Pak),originals/_controller_pak/ECW Hardcore Revolution/ecw-hardcore-revolution.1000.n64,No reposting terms stated in the GameFAQs description or in-file comments.,no
controller pak,Extreme-G,Extreme-G (USA).z64,KeeperBvK,GameFAQs,https://gamefaqs.gamespot.com/n64/197261-extreme-g/saves,https://gamefaqs.gamespot.com/n64/197261-extreme-g/saves/9432,10/06/2005,Nintendo 64 DexDrive Save (North America),Both extra bikes and the extra track unlocked (100 % complete),Nintendo 64 DexDrive Save (North America),extreme-g.9432.n64,DexDrive .n64 (Controller Pak),originals/_controller_pak/Extreme-G/extreme-g.9432.n64,No reposting terms stated in the GameFAQs description or in-file comments.,no
controller pak,Extreme-G XG2,Extreme-G XG2 (USA).z64,havok6188,GameFAQs,https://gamefaqs.gamespot.com/n64/446010-extreme-g-2/saves,https://gamefaqs.gamespot.com/n64/446010-extreme-g-2/saves/2329,02/17/2003,Nintendo 64 DexDrive Save (North America),Extra levels and characters unlocked.,Nintendo 64 DexDrive Save (North America),extreme-g-2.2329.n64,DexDrive .n64 (Controller Pak),originals/_controller_pak/Extreme-G XG2/extreme-g-2.2329.n64,No reposting terms stated in the GameFAQs description or in-file comments.,no
cartridge,F-Zero X,F-Zero X (USA).z64,MattKimura (collection maintainer; original save author not credited),GitHub: MattKimura/Emulator-Saves (index sheet: docs.google.com/spreadsheets/d/1qO3alu1R5jUtkZY4ZE9roMqQS_ee_Yf38PIKJ9THP6Q),https://github.com/MattKimura/Emulator-Saves,https://github.com/MattKimura/Emulator-Saves/blob/6a7b097895ddbcf2fb32ec1491762893386ed762/100%25%20Saves/N64/F-ZERO%20X.sra,2024-12-23 (commit 36ceb41),100% Saves/N64 (Project64 format),"All cups unlocked and complete, all vehicles and difficulties unlocked, all staff ghosts beaten, every single trophy collected for every racer for every cup for every difficulty (100%)",Not stated,F-ZERO X.sra,Project64 .sra,originals/F-Zero X/F-ZERO X.sra,Repo has no license file. README invites downloading the saves; no reposting terms. Original save authors are not credited per file.,no
controller pak,F1 Pole Position 64,"F1 Pole Position 64 (USA) (En,Fr,De).z64",Zdaw1,GameFAQs,https://gamefaqs.gamespot.com/n64/197271-f1-pole-position-64/saves,https://gamefaqs.gamespot.com/n64/197271-f1-pole-position-64/saves/1183,10/18/2001,Nintendo 64 DexDrive Save (North America),Game beaten and hold a & b buttons at loading screen to get a faster 96' forties car.,Nintendo 64 DexDrive Save (North America),f1-pole-position-64.1183.n64,DexDrive .n64 (Controller Pak),originals/_controller_pak/F1 Pole Position 64/f1-pole-position-64.1183.n64,No reposting terms stated in the GameFAQs description or in-file comments.,no
cartridge,Fighter Destiny 2,Fighter Destiny 2 (USA).z64,madmodder123 (repo owner; original save author not credited),GitHub: madmodder123/retropie_saves,https://github.com/madmodder123/retropie_saves,https://github.com/madmodder123/retropie_saves/blob/2848dd20b5c3b4958db6750f098ae1f62f1a2e6e/n64/Fighter%27s%20Destiny%202%20%28U%29%20%5B%21%5D.eep,2018-05-13 (commit 3d96dc2),n64 (Project64/mupen format),Not stated per file. Repo README: saves focused on multiplayer content and unlockables.,(U) [!] (GoodN64 USA),Fighter's Destiny 2 (U) [!].eep,Project64 .eep,originals/Fighter Destiny 2/Fighter's Destiny 2 (U) [!].eep,Repo has no license file. README shares the saves so others can skip unlocking; no reposting terms. Original save authors are not credited per file.,no
cartridge,Fighters Destiny,Fighters Destiny (USA).z64,madmodder123 (repo owner; original save author not credited),GitHub: madmodder123/retropie_saves,https://github.com/madmodder123/retropie_saves,https://github.com/madmodder123/retropie_saves/blob/2848dd20b5c3b4958db6750f098ae1f62f1a2e6e/n64/Fighter%27s%20Destiny%20(U)%20%5B!%5D.eep,2019-01-20 (commit 49422d0),n64 (Project64/mupen format),"Not stated per file. Repo README: saves focused on multiplayer content and unlockables (levels, characters, bonus levels).",(U) [!] (GoodN64 USA),Fighter's Destiny (U) [!].eep,Project64 .eep,originals/Fighters Destiny/Fighter's Destiny (U) [!].eep,Repo has no license file. README shares the saves so others can skip unlocking; no reposting terms. Original save authors are not credited per file.,no
controller pak,Fighting Force 64,Fighting Force 64 (USA).z64,TenebrusoM,GameFAQs,https://gamefaqs.gamespot.com/n64/197332-fighting-force-64/saves,https://gamefaqs.gamespot.com/n64/197332-fighting-force-64/saves/1076,09/02/2001,Nintendo 64 DexDrive Save (North America),Starts you at the final save point in the game,Nintendo 64 DexDrive Save (North America),fighting-force-64.1076.n64,DexDrive .n64 (Controller Pak),originals/_controller_pak/Fighting Force 64/fighting-force-64.1076.n64,No reposting terms stated in the GameFAQs description or in-file comments.,no
controller pak,Forsaken 64,Forsaken 64 (USA).z64,TenebrusoM,GameFAQs,https://gamefaqs.gamespot.com/n64/197377-forsaken-64/saves,https://gamefaqs.gamespot.com/n64/197377-forsaken-64/saves/1079,09/04/2001,Nintendo 64 DexDrive Save (North America),Everything unlocked,Nintendo 64 DexDrive Save (North America),forsaken-64.1079.n64,DexDrive .n64 (Controller Pak),originals/_controller_pak/Forsaken 64/forsaken-64.1079.n64,No reposting terms stated in the GameFAQs description or in-file comments.,no
controller pak,Gauntlet Legends,Gauntlet Legends (USA).z64,havok6188,GameFAQs,https://gamefaqs.gamespot.com/n64/197431-gauntlet-legends/saves,https://gamefaqs.gamespot.com/n64/197431-gauntlet-legends/saves/2321,02/17/2003,Dreamcast DCI File (Use with Interact/Nexus card) (North America),"Two game saves, Koric and Lori. On the last level with very high levels on each.",Dreamcast DCI File (Use with Interact/Nexus card) (North America),gauntlet-legends.2321.n64,DexDrive .n64 (Controller Pak),originals/_controller_pak/Gauntlet Legends/gauntlet-legends.2321.n64,No reposting terms stated in the GameFAQs description or in-file comments.,no
controller pak,Gex 64 - Enter the Gecko,Gex 64 - Enter the Gecko (USA).z64,slodeth,GameFAQs,https://gamefaqs.gamespot.com/n64/197442-gex-3-deep-cover-gecko/saves,https://gamefaqs.gamespot.com/n64/197442-gex-3-deep-cover-gecko/saves/861,05/12/2001,Nintendo 64 DexDrive Save (North America),"All remotes, all levels available",Nintendo 64 DexDrive Save (North America),gex-3-deep-cover-gecko.861.n64,DexDrive .n64 (Controller Pak),originals/_controller_pak/Gex 64 Enter the Gecko/gex-3-deep-cover-gecko.861.n64,No reposting terms stated in the GameFAQs description or in-file comments.,no
controller pak,Goemon's Great Adventure,Goemon's Great Adventure (USA).z64,LifeIsABeach2,GameFAQs,https://gamefaqs.gamespot.com/n64/915334-goemons-great-adventure/saves,https://gamefaqs.gamespot.com/n64/915334-goemons-great-adventure/saves/29441,04/23/2024,Nintendo 64 DexDrive Save (North America),The game is 100% completed. All 44 passes obtained. All 12 alternative costumes unlocked. 99 Lives. 999 coins.,Nintendo 64 DexDrive Save (North America),goemons-great-adventure.29441.n64,DexDrive .n64 (Controller Pak),originals/_controller_pak/Goemon's Great Adventure/goemons-great-adventure.29441.n64,No reposting terms stated in the GameFAQs description or in-file comments.,no
cartridge,GoldenEye 007,GoldenEye 007 (USA).z64,TenebrusoM,GameFAQs,https://gamefaqs.gamespot.com/n64/197462-goldeneye-007/saves,https://gamefaqs.gamespot.com/n64/197462-goldeneye-007/saves/1080,09/04/2001,Nintendo 64 DexDrive Save (North America),"All cheats and All levels completed | In-file DexDrive comment: ""All Cheats and game Completed""",Not stated,goldeneye-007.1080.n64,DexDrive .n64 image,originals/GoldenEye 007/goldeneye-007.1080.n64,No reposting terms stated in the GameFAQs description or in-file comments.,no
controller pak,Hercules - The Legendary Journeys,Hercules - The Legendary Journeys (USA).z64,DGenerateKane,GameFAQs,https://gamefaqs.gamespot.com/n64/197546-hercules-the-legendary-journeys/saves,https://gamefaqs.gamespot.com/n64/197546-hercules-the-legendary-journeys/saves/255,08/23/2000,Nintendo 64 DexDrive Save (North America),"Up to town San Tomanicus, ready to beat the third minotaur.",Nintendo 64 DexDrive Save (North America),hercules-the-legendary-journeys.255.n64,DexDrive .n64 (Controller Pak),originals/_controller_pak/Hercules The Legendary Journeys/hercules-the-legendary-journeys.255.n64,No reposting terms stated in the GameFAQs description or in-file comments.,no
controller pak,Hot Wheels - Turbo Racing,Hot Wheels - Turbo Racing (USA).z64,ACA,GameFAQs,https://gamefaqs.gamespot.com/n64/197576-hot-wheels-turbo-racing/saves,https://gamefaqs.gamespot.com/n64/197576-hot-wheels-turbo-racing/saves/1133,09/29/2001,Nintendo 64 DexDrive Save (North America),The T64 save with everything unlocked.,Nintendo 64 DexDrive Save (North America),hot-wheels-turbo-racing.1133.n64,DexDrive .n64 (Controller Pak),originals/_controller_pak/Hot Wheels Turbo Racing/hot-wheels-turbo-racing.1133.n64,No reposting terms stated in the GameFAQs description or in-file comments. Uploader credits T64 as the save's creator.,no
controller pak,Hybrid Heaven,Hybrid Heaven (USA).z64,DocDragon,GameFAQs,https://gamefaqs.gamespot.com/n64/197592-hybrid-heaven/saves,https://gamefaqs.gamespot.com/n64/197592-hybrid-heaven/saves/2922,07/27/2003,Nintendo 64 DexDrive Save (North America),"Level 3.1, Normal Difficulty.",Nintendo 64 DexDrive Save (North America),hybrid-heaven.2922.n64,DexDrive .n64 (Controller Pak),originals/_controller_pak/Hybrid Heaven/hybrid-heaven.2922.n64,No reposting terms stated in the GameFAQs description or in-file comments.,no
controller pak,Hydro Thunder,Hydro Thunder (USA).z64,SonicStar337,GameFAQs,https://gamefaqs.gamespot.com/n64/197595-hydro-thunder/saves,https://gamefaqs.gamespot.com/n64/197595-hydro-thunder/saves/1510,02/18/2002,Dreamcast DCI File (Use with Interact/Nexus card) (North America),All watercraft and levels unlocked,Dreamcast DCI File (Use with Interact/Nexus card) (North America),hydro-thunder.1510.n64,DexDrive .n64 (Controller Pak),originals/_controller_pak/Hydro Thunder/hydro-thunder.1510.n64,No reposting terms stated in the GameFAQs description or in-file comments.,no
controller pak,International Superstar Soccer '98,International Superstar Soccer '98 (USA).z64,Tyltyl,GameFAQs,https://gamefaqs.gamespot.com/n64/574489-international-superstar-soccer-98/saves,https://gamefaqs.gamespot.com/n64/574489-international-superstar-soccer-98/saves/33815,10/08/2025,Nintendo 64 DexDrive Save (Europe),6 All-star teams unlocked. For PAL version,Nintendo 64 DexDrive Save (Europe),international-superstar-soccer-98.33815.n64,Raw Controller Pak dump,originals/_controller_pak/International Superstar Soccer '98/international-superstar-soccer-98.33815.n64,No reposting terms stated in the GameFAQs description or in-file comments.,no
controller pak,International Superstar Soccer 2000,"International Superstar Soccer 2000 (USA) (En,Es) (Rev 1).z64",Tyltyl,GameFAQs,https://gamefaqs.gamespot.com/n64/562991-international-superstar-soccer-2000/saves,https://gamefaqs.gamespot.com/n64/562991-international-superstar-soccer-2000/saves/33816,10/08/2025,Nintendo 64 DexDrive Save (Europe),"6 All-stars teams unlocked. For PAL En/De version, just rename to .mpk",Nintendo 64 DexDrive Save (Europe),international-superstar-soccer-2000.33816.n64,Raw Controller Pak dump,originals/_controller_pak/International Superstar Soccer 2000/international-superstar-soccer-2000.33816.n64,No reposting terms stated in the GameFAQs description or in-file comments.,no
controller pak,International Superstar Soccer 64,International Superstar Soccer 64 (USA).z64,Tyltyl,GameFAQs,https://gamefaqs.gamespot.com/n64/197641-international-superstar-soccer-64/saves,https://gamefaqs.gamespot.com/n64/197641-international-superstar-soccer-64/saves/33818,10/08/2025,Nintendo 64 DexDrive Save (Europe),"6 All-star teams unlocks. For PAL version, just rename to .mpk",Nintendo 64 DexDrive Save (Europe),international-superstar-soccer-64.33818.n64,Raw Controller Pak dump,originals/_controller_pak/International Superstar Soccer 64/international-superstar-soccer-64.33818.n64,No reposting terms stated in the GameFAQs description or in-file comments.,no
controller pak,International Track & Field 2000,International Track & Field 2000 (USA).z64,KeeperBvK,GameFAQs,https://gamefaqs.gamespot.com/n64/258825-international-track-and-field-2000/saves,https://gamefaqs.gamespot.com/n64/258825-international-track-and-field-2000/saves/11665,04/30/2006,,"All 14 Gold Medals obtained, all 4 hidden events unlocked",,international-track-and-field-2000.11665.n64,DexDrive .n64 (Controller Pak),originals/_controller_pak/International Track & Field 2000/international-track-and-field-2000.11665.n64,No reposting terms stated in the GameFAQs description or in-file comments.,no
cartridge,Jet Force Gemini,Jet Force Gemini (USA).z64,OmegaVideoGameG,GameFAQs,https://gamefaqs.gamespot.com/n64/197682-jet-force-gemini/saves,https://gamefaqs.gamespot.com/n64/197682-jet-force-gemini/saves/27295,12/05/2020,Nintendo 64 DexDrive Save (North America),Jet Force Gemini Almost 100% Main Menu Unlockables,Not stated,jet-force-gemini.27295.n64,"Raw FlashRAM image in Project64 byte order, truncated to 114816 B (.n64 name, not a DexDrive file)",originals/Jet Force Gemini/jet-force-gemini.27295.n64,No reposting terms stated in the GameFAQs description or in-file comments.,no
controller pak,Killer Instinct Gold,Killer Instinct Gold (USA) (Rev 2).z64,Kasket_Darkfyre,GameFAQs,https://gamefaqs.gamespot.com/n64/197715-killer-instinct-gold/saves,https://gamefaqs.gamespot.com/n64/197715-killer-instinct-gold/saves/539,12/09/2000,Nintendo 64 DexDrive Save (North America),Everything Unlocked,Nintendo 64 DexDrive Save (North America),killer-instinct-gold.539.n64,DexDrive .n64 (Controller Pak),originals/_controller_pak/Killer Instinct Gold/killer-instinct-gold.539.n64,No reposting terms stated in the GameFAQs description or in-file comments.,no
cartridge,Kirby 64,Kirby 64 - The Crystal Shards (USA).z64,theL0cke,GameFAQs,https://gamefaqs.gamespot.com/n64/250600-kirby-64-the-crystal-shards/saves,https://gamefaqs.gamespot.com/n64/250600-kirby-64-the-crystal-shards/saves/19158,05/22/2009,Wii Game Save File (North America),"NAME - All Crystal Shards, Boss Battles, All Mini Game Difficulties Unlocked!",Wii VC NAME (US release); ROM revision not stated,kirby-64-the-crystal-shards.19158.bin,Wii save data.bin (encrypted),originals/Kirby 64/kirby-64-the-crystal-shards.19158.bin,No reposting terms stated in the GameFAQs description or in-file comments.,no
controller pak,LEGO Racers,"LEGO Racers (USA) (En,Fr,De,Es,It,Nl,Sv,No,Da,Fi).z64",madmodder123 (repo),GitHub: madmodder123/retropie_saves,https://github.com/madmodder123/retropie_saves/tree/2848dd20b5c3b4958db6750f098ae1f62f1a2e6e/n64,https://github.com/madmodder123/retropie_saves/blob/2848dd20b5c3b4958db6750f098ae1f62f1a2e6e/n64/LEGO%20Racers%20(U)%20[!].mpk,,RetroPie .mpk,Not stated,RetroPie .mpk,LEGO Racers (U) [!].mpk,RetroPie/mupen64plus .mpk,originals/_controller_pak/LEGO Racers/LEGO Racers (U) [!].mpk,Repo has no license file. README shares the saves so others can skip unlocking; no reposting terms. Original save authors are not credited per file.,no
cartridge,Mario Golf,Mario Golf (USA).z64,Maldorth,GameFAQs,https://gamefaqs.gamespot.com/n64/197859-mario-golf/saves,https://gamefaqs.gamespot.com/n64/197859-mario-golf/saves/23691,03/31/2014,Wii VC Game Save File (North America),NAUE - 100% Completed,Wii VC NAUE (US release); ROM revision not stated,mario-golf.23691.bin,Wii save data.bin (encrypted),originals/Mario Golf/mario-golf.23691.bin,No reposting terms stated in the GameFAQs description or in-file comments.,no
cartridge,Mario Kart 64,Mario Kart 64 (USA).z64,TenebrusoM,GameFAQs,https://gamefaqs.gamespot.com/n64/197860-mario-kart-64/saves,https://gamefaqs.gamespot.com/n64/197860-mario-kart-64/saves/1102,09/05/2001,Nintendo 64 DexDrive Save (North America),"100% completed | In-file DexDrive comment: ""Everything Completed""",Not stated,mario-kart-64.1102.n64,DexDrive .n64 image,originals/Mario Kart 64/mario-kart-64.1102.n64,No reposting terms stated in the GameFAQs description or in-file comments.,no
cartridge,Mario Party,Mario Party (USA).z64,TenebrusoM,GameFAQs,https://gamefaqs.gamespot.com/n64/197861-mario-party/saves,https://gamefaqs.gamespot.com/n64/197861-mario-party/saves/1100,09/05/2001,Nintendo 64 DexDrive Save (North America),"100% clear | In-file DexDrive comment: ""All items bought. Game beaten.""",Not stated,mario-party.1100.n64,DexDrive .n64 image,originals/Mario Party/mario-party.1100.n64,No reposting terms stated in the GameFAQs description or in-file comments.,no
cartridge,Mario Party 2,Mario Party 2 (USA).z64,JohnThePikachu,GameFAQs,https://gamefaqs.gamespot.com/n64/197862-mario-party-2/saves,https://gamefaqs.gamespot.com/n64/197862-mario-party-2/saves/29607,05/22/2024,Wii VC Game Save File (North America),"NAZE - 100% Complete, Bowser Land Unlocked & Cleared, Credits Machine Unlocked, 99,999 Coins, All Mini-Games Unlocked, All Mini-Game Coaster Courses Cleared, Item & Battle Mini-Game Trees Unlocked, Driver's Ed Unlocked",Wii VC NAZE (US release); ROM revision not stated,mario-party-2.29607.bin,Wii save data.bin (encrypted),originals/Mario Party 2/mario-party-2.29607.bin,No reposting terms stated in the GameFAQs description or in-file comments.,no
cartridge,Mario Party 3,Mario Party 3 (USA).z64,madmodder123 (repo owner; original save author not credited),GitHub: madmodder123/retropie_saves,https://github.com/madmodder123/retropie_saves,https://github.com/madmodder123/retropie_saves/blob/2848dd20b5c3b4958db6750f098ae1f62f1a2e6e/n64/Mario%20Party%203%20(U)%20%5B!%5D.eep,2018-05-13 (commit 3d96dc2),n64 (Project64/mupen format),"Not stated per file. Repo README: saves focused on multiplayer content and unlockables (levels, characters, bonus levels).","(U) [!] (GoodN64 USA, v1.0)",Mario Party 3 (U) [!].eep,Project64 .eep,originals/Mario Party 3/Mario Party 3 (U) [!].eep,Repo has no license file. README shares the saves so others can skip unlocking; no reposting terms. Original save authors are not credited per file.,no
cartridge,Mario Tennis,Mario Tennis (USA).z64,StoneKotr,GameFAQs,https://gamefaqs.gamespot.com/n64/258820-mario-tennis/saves,https://gamefaqs.gamespot.com/n64/258820-mario-tennis/saves/22769,11/30/2012,Wii VC Game Save File (North America),NATE - Played from Pikachu025 file - Every Tournaments/Star Tournaments completed for all characters in Singles and Doubles. All Ring Challenges done. Exhibition board completed with a Star minimum.,Wii VC NATE (US release); ROM revision not stated,mario-tennis.22769.bin,Wii save data.bin (encrypted),originals/Mario Tennis/mario-tennis.22769.bin,No reposting terms stated in the GameFAQs description or in-file comments. Built on a save by Pikachu025.,no
cartridge,Mega Man 64,Mega Man 64 (USA).z64,MattKimura (collection maintainer; original save author not credited),GitHub: MattKimura/Emulator-Saves,https://github.com/MattKimura/Emulator-Saves,https://github.com/MattKimura/Emulator-Saves/blob/6a7b097895ddbcf2fb32ec1491762893386ed762/100%25%20Saves/N64/Mega%20Man%2064.fla,2024-12-23 (commit 36ceb41),100% Saves/N64 (Project64 format),"At Main Gate with all items & key items, special weapons upgraded to the max, side quests completed, and hard/easy modes unlocked on the main menu. File 1 is the 100% save file, file 2 was used to unlock easy mode. (100%)",Not stated,Mega Man 64.fla,"Project64 .fla (16384 B, written extent only)",originals/Mega Man 64/Mega Man 64.fla,Repo has no license file. README invites downloading the saves; no reposting terms. Original save authors are not credited per file.,no
cartridge,Mickey's Speedway USA,Mickey's Speedway USA (USA).z64,meauxdal,speedrun.com,https://www.speedrun.com/msusa/resources,https://www.speedrun.com/msusa/resources/yyg08,"~2025 (page: ""Updated 1 year ago"")",Resources,"All Cups, Ludwig, Huey, & New Orleans unlocked. ""Should have everything unlocked.""",Not stated,MSUSAN64saveallunlocks_603b0b65.zip -> Save/MICKEY USA.eep,zip of Project64 save (.eep 480 B + .mpk),originals/Mickey's Speedway USA/MSUSAN64saveallunlocks_603b0b65.zip,No reposting terms stated on the speedrun.com resource page.,no
cartridge,Mischief Makers,Mischief Makers (USA) (Rev 1).z64,KCodyB,GameFAQs,https://gamefaqs.gamespot.com/n64/197950-mischief-makers/saves,https://gamefaqs.gamespot.com/n64/197950-mischief-makers/saves/33367,08/11/2025,Nintendo 64 DexDrive Save (North America),"A 100% save file for v1.1 of Mischief Makers.All yellow gems, all S ranks, and maxed out red gems.I saw nobody uploaded a save file with all S-ranks, and decided to do it myself! Use this for whatever wants or needs you may have!",v1.1 (matches ROM Rev 1),mischief-makers.33367.n64,DexDrive .n64 image (header block blanked),originals/Mischief Makers/mischief-makers.33367.n64,"Uploader: ""Use this for whatever wants or needs you may have!""",no
cartridge,Mission: Impossible,Mission - Impossible (USA).z64,ACA,GameFAQs,https://gamefaqs.gamespot.com/n64/197954-mission-impossible/saves,https://gamefaqs.gamespot.com/n64/197954-mission-impossible/saves/1135,09/29/2001,Nintendo 64 DexDrive Save (North America),"T64 M:I save with all missions completed, everything unlocked. | In-file DexDrive comment: ""Mission: Impossible - All Levels/ Game Done""",Not stated,mission-impossible-1998.1135.n64,DexDrive .n64 image,originals/Mission Impossible/mission-impossible-1998.1135.n64,No reposting terms stated in the GameFAQs description or in-file comments. Uploader credits T64 as the save's creator.,no
controller pak,Mortal Kombat 4,Mortal Kombat 4 (USA).z64,madmodder123 (repo),GitHub: madmodder123/retropie_saves,https://github.com/madmodder123/retropie_saves/tree/2848dd20b5c3b4958db6750f098ae1f62f1a2e6e/n64,https://github.com/madmodder123/retropie_saves/blob/2848dd20b5c3b4958db6750f098ae1f62f1a2e6e/n64/Mortal%20Kombat%204%20(U)%20[!].mpk,,RetroPie .mpk,Not stated,RetroPie .mpk,Mortal Kombat 4 (U) [!].mpk,RetroPie/mupen64plus .mpk,originals/_controller_pak/Mortal Kombat 4/Mortal Kombat 4 (U) [!].mpk,Repo has no license file. README shares the saves so others can skip unlocking; no reposting terms. Original save authors are not credited per file.,no
controller pak,Mystical Ninja Starring Goemon,Mystical Ninja Starring Goemon (USA).z64,mrmustafa06,GameFAQs,https://gamefaqs.gamespot.com/n64/198022-mystical-ninja-starring-goemon/saves,https://gamefaqs.gamespot.com/n64/198022-mystical-ninja-starring-goemon/saves/4032,05/20/2004,Nintendo 64 DexDrive Save (North America),"All dolls found, Consecutive Boss Battle Mode unlocked, save points at end and before outer space",Nintendo 64 DexDrive Save (North America),mystical-ninja-starring-goemon.4032.n64,DexDrive .n64 (Controller Pak),originals/_controller_pak/Mystical Ninja Starring Goemon/mystical-ninja-starring-goemon.4032.n64,No reposting terms stated in the GameFAQs description or in-file comments.,no
controller pak,NASCAR 2000,NASCAR 2000 (USA).z64,Zdaw1,GameFAQs,https://gamefaqs.gamespot.com/n64/198038-nascar-2000/saves,https://gamefaqs.gamespot.com/n64/198038-nascar-2000/saves/1291,11/26/2001,Nintendo 64 DexDrive Save (North America),Championship finished in first place,Nintendo 64 DexDrive Save (North America),nascar-2000.1291.n64,DexDrive .n64 (Controller Pak),originals/_controller_pak/NASCAR 2000/nascar-2000.1291.n64,No reposting terms stated in the GameFAQs description or in-file comments.,no
controller pak,NBA Hangtime,NBA Hangtime (USA).z64,SGreenwell,GameFAQs,https://gamefaqs.gamespot.com/n64/198062-nba-hangtime/saves,https://gamefaqs.gamespot.com/n64/198062-nba-hangtime/saves/1044,08/06/2001,Nintendo 64 DexDrive Save (North America),Created player. Maxed out stats. All records set.,Nintendo 64 DexDrive Save (North America),nba-hangtime.1044.n64,DexDrive .n64 (Controller Pak),originals/_controller_pak/NBA Hangtime/nba-hangtime.1044.n64,No reposting terms stated in the GameFAQs description or in-file comments.,no
controller pak,Nightmare Creatures,Nightmare Creatures (USA).z64,ACA,GameFAQs,https://gamefaqs.gamespot.com/n64/198197-nightmare-creatures/saves,https://gamefaqs.gamespot.com/n64/198197-nightmare-creatures/saves/1134,09/29/2001,Nintendo 64 DexDrive Save (North America),T64's game entirely unlocked.,Nintendo 64 DexDrive Save (North America),nightmare-creatures.1134.n64,DexDrive .n64 (Controller Pak),originals/_controller_pak/Nightmare Creatures/nightmare-creatures.1134.n64,No reposting terms stated in the GameFAQs description or in-file comments. Uploader credits T64 as the save's creator.,no
controller pak,Ogre Battle 64 - Person of Lordly Caliber,Ogre Battle 64 - Person of Lordly Caliber (USA) (Rev 1).z64,Cralex,GameFAQs,https://gamefaqs.gamespot.com/n64/198230-ogre-battle-64-person-of-lordly-caliber/saves,https://gamefaqs.gamespot.com/n64/198230-ogre-battle-64-person-of-lordly-caliber/saves/21310,11/30/2010,,"Last scene, perfect chaos frame, tons of money and equipment, and powerful units. ALL hero classes, including a few that aren't avaliable normally.",,ogre-battle-64-person-of-lordly-caliber.21310.n64,DexDrive .n64 (Controller Pak),originals/_controller_pak/Ogre Battle 64 Person of Lordly Caliber/ogre-battle-64-person-of-lordly-caliber.21310.n64,No reposting terms stated in the GameFAQs description or in-file comments.,no
cartridge,Paper Mario,Paper Mario (USA).z64,WiiBestConsole,GameFAQs,https://gamefaqs.gamespot.com/n64/198849-paper-mario/saves,https://gamefaqs.gamespot.com/n64/198849-paper-mario/saves/31011,12/02/2024,Wii VC Game Save File (North America),"The True 100% Save! Every Sidequest, Badge, Star Piece, Recipe, Quiz, Star Power, and other things collected! Set in the final showdown.",Wii VC NAEE (US release); ROM revision not stated,paper-mario.31011.bin,Wii save data.bin (encrypted),originals/Paper Mario/paper-mario.31011.bin,No reposting terms stated in the GameFAQs description or in-file comments.,no
controller pak,Penny Racers,Penny Racers (USA).z64,Teary_Eyes,GameFAQs,https://gamefaqs.gamespot.com/n64/198272-penny-racers/saves,https://gamefaqs.gamespot.com/n64/198272-penny-racers/saves/15518,09/01/2007,Nintendo 64 DexDrive Save (North America),All 114 parts saved,Nintendo 64 DexDrive Save (North America),penny-racers.15518.n64,DexDrive .n64 (Controller Pak),originals/_controller_pak/Penny Racers/penny-racers.15518.n64,No reposting terms stated in the GameFAQs description or in-file comments.,no
cartridge,Perfect Dark,Perfect Dark (USA) (Rev 1).z64,madmodder123 (repo owner; original save author not credited),GitHub: madmodder123/retropie_saves,https://github.com/madmodder123/retropie_saves,https://github.com/madmodder123/retropie_saves/blob/2848dd20b5c3b4958db6750f098ae1f62f1a2e6e/n64/Perfect%20Dark%20(U)%20(V1.1)%20%5B!%5D.eep,2018-05-13 (commit 3d96dc2),n64 (Project64/mupen format),"Not stated per file. Repo README: saves focused on multiplayer content and unlockables (levels, characters, bonus levels).",(U) (V1.1) [!] = USA Rev 1 (matches ROM),Perfect Dark (U) (V1.1) [!].eep,Project64 .eep,originals/Perfect Dark/Perfect Dark (U) (V1.1) [!].eep,Repo has no license file. README shares the saves so others can skip unlocking; no reposting terms. Original save authors are not credited per file.,no
cartridge,Pilotwings 64,Pilotwings 64 (USA).z64,madmodder123 (repo owner; original save author not credited),GitHub: madmodder123/retropie_saves,https://github.com/madmodder123/retropie_saves,https://github.com/madmodder123/retropie_saves/blob/2848dd20b5c3b4958db6750f098ae1f62f1a2e6e/n64/Pilotwings%2064%20(U)%20%5B!%5D.eep,2018-05-13 (commit 3d96dc2),n64 (Project64/mupen format),"Not stated per file. Repo README: saves focused on multiplayer content and unlockables (levels, characters, bonus levels).",(U) [!] (GoodN64 USA),Pilotwings 64 (U) [!].eep,Project64 .eep,originals/Pilotwings 64/Pilotwings 64 (U) [!].eep,Repo has no license file. README shares the saves so others can skip unlocking; no reposting terms. Original save authors are not credited per file.,no
cartridge,Pokémon Snap,Pokemon Snap (USA).z64,TwilightErik,GameFAQs,https://gamefaqs.gamespot.com/n64/198311-pokemon-snap/saves,https://gamefaqs.gamespot.com/n64/198311-pokemon-snap/saves/16303,12/10/2007,Wii Game Save File (North America),NAKE- 100% Completed,Wii VC NAKE (US release); ROM revision not stated,pokemon-snap.16303.bin,Wii save data.bin (encrypted),originals/Pokemon Snap/pokemon-snap.16303.bin,No reposting terms stated in the GameFAQs description or in-file comments.,no
cartridge,Pokémon Stadium,Pokemon Stadium (USA) (Rev 2).z64,MattKimura (collection maintainer; original save author not credited),GitHub: MattKimura/Emulator-Saves (index sheet: docs.google.com/spreadsheets/d/1qO3alu1R5jUtkZY4ZE9roMqQS_ee_Yf38PIKJ9THP6Q),https://github.com/MattKimura/Emulator-Saves,https://github.com/MattKimura/Emulator-Saves/blob/6a7b097895ddbcf2fb32ec1491762893386ed762/100%25%20Saves/N64/POKEMON%20STADIUM.fla,2024-12-23 (commit 36ceb41),100% Saves/N64 (Project64 format),"Round 1 + 2 fully complete. stadium, gym leader's castle, and rival beaten. Hyper difficulty in the mini games section unlocked, dodrio Game Boy unlocked, and all 151 Pokemon collected in the Hall of Fame. (100%)",Not stated,POKEMON STADIUM.fla,Project64 .fla,originals/Pokemon Stadium/POKEMON STADIUM.fla,Repo has no license file. README invites downloading the saves; no reposting terms. Original save authors are not credited per file.,no
cartridge,Pokémon Stadium 2,Pokemon Stadium 2 (USA).z64,MattKimura (collection maintainer; original save author not credited),GitHub: MattKimura/Emulator-Saves (index sheet: docs.google.com/spreadsheets/d/1qO3alu1R5jUtkZY4ZE9roMqQS_ee_Yf38PIKJ9THP6Q),https://github.com/MattKimura/Emulator-Saves,https://github.com/MattKimura/Emulator-Saves/blob/6a7b097895ddbcf2fb32ec1491762893386ed762/100%25%20Saves/N64/POKEMON%20STADIUM%202.fla,2024-12-23 (commit 36ceb41),100% Saves/N64 (Project64 format),"Round 1 + 2 fully complete. Jotho and Kanto gym leaders complete, and rival beaten. Pokemon Academy complete, Dodrio GB Tower unlocked, very hard difficulty in the mini-games section unlocked (100%)",Not stated,POKEMON STADIUM 2.fla,Project64 .fla,originals/Pokemon Stadium 2/POKEMON STADIUM 2.fla,Repo has no license file. README invites downloading the saves; no reposting terms. Original save authors are not credited per file.,no
controller pak,Polaris SnoCross,Polaris SnoCross (USA).z64,SonicStar337,GameFAQs,https://gamefaqs.gamespot.com/n64/256695-polaris-snocross/saves,https://gamefaqs.gamespot.com/n64/256695-polaris-snocross/saves/1511,02/18/2002,Nintendo 64 DexDrive Save (North America),Every level and snow mobile are unlocked,Nintendo 64 DexDrive Save (North America),polaris-snocross.1511.n64,DexDrive .n64 (Controller Pak),originals/_controller_pak/Polaris SnoCross/polaris-snocross.1511.n64,No reposting terms stated in the GameFAQs description or in-file comments.,no
controller pak,Power Rangers - Lightspeed Rescue,Power Rangers - Lightspeed Rescue (USA).z64,n64man,GameFAQs,https://gamefaqs.gamespot.com/n64/562948-sabans-power-rangers-lightspeed-rescue/saves,https://gamefaqs.gamespot.com/n64/562948-sabans-power-rangers-lightspeed-rescue/saves/2010,12/02/2002,Nintendo 64 DexDrive Save (North America),"All levels and multiplayer characters unlocked. Plus, if you press Z while you highlight a certain level, you'll be able to play an alternative version of that level.",Nintendo 64 DexDrive Save (North America),sabans-power-rangers-lightspeed-rescue.2010.n64,DexDrive .n64 (Controller Pak),originals/_controller_pak/Power Rangers Lightspeed Rescue/sabans-power-rangers-lightspeed-rescue.2010.n64,No reposting terms stated in the GameFAQs description or in-file comments.,no
controller pak,Quake II,Quake II (USA).z64,_HanuMachine,GameFAQs,https://gamefaqs.gamespot.com/n64/198378-quake-ii/saves,https://gamefaqs.gamespot.com/n64/198378-quake-ii/saves/2805,06/22/2003,Nintendo 64 DexDrive Save (North America),This will take you to the last level.,Nintendo 64 DexDrive Save (North America),quake-ii.2805.n64,DexDrive .n64 (Controller Pak),originals/_controller_pak/Quake II/quake-ii.2805.n64,No reposting terms stated in the GameFAQs description or in-file comments.,no
controller pak,Rampage - World Tour,Rampage - World Tour (USA).z64,slodeth,GameFAQs,https://gamefaqs.gamespot.com/n64/198410-rampage-world-tour/saves,https://gamefaqs.gamespot.com/n64/198410-rampage-world-tour/saves/862,05/12/2001,Nintendo 64 DexDrive Save (North America),High levels available,Nintendo 64 DexDrive Save (North America),rampage-world-tour.862.n64,DexDrive .n64 (Controller Pak),originals/_controller_pak/Rampage World Tour/rampage-world-tour.862.n64,No reposting terms stated in the GameFAQs description or in-file comments.,no
controller pak,Rayman 2 - The Great Escape,"Rayman 2 - The Great Escape (USA) (En,Fr,De,Es,It).z64",havok6188,GameFAQs,https://gamefaqs.gamespot.com/n64/198423-rayman-2-the-great-escape/saves,https://gamefaqs.gamespot.com/n64/198423-rayman-2-the-great-escape/saves/2312,02/13/2003,Action Replay Max DS (.dst) Game Save (Europe),"100% complete, all lums, all cages, full energy, and at the last boss.",Action Replay Max DS (.dst) Game Save (Europe),rayman-2-the-great-escape.2312.n64,DexDrive .n64 (Controller Pak),originals/_controller_pak/Rayman 2 The Great Escape/rayman-2-the-great-escape.2312.n64,No reposting terms stated in the GameFAQs description or in-file comments.,no
controller pak,Re-Volt,Re-Volt (USA).z64,MetroidGuy,GameFAQs,https://gamefaqs.gamespot.com/n64/198471-re-volt/saves,https://gamefaqs.gamespot.com/n64/198471-re-volt/saves/2320,02/16/2003,Nintendo 64 DexDrive Save (North America),Every car and track unlocked. Also includes a few custom track files.,Nintendo 64 DexDrive Save (North America),re-volt.2320.n64,DexDrive .n64 (Controller Pak),originals/_controller_pak/Re-Volt/re-volt.2320.n64,No reposting terms stated in the GameFAQs description or in-file comments.,no
controller pak,Ready 2 Rumble Boxing - Round 2,Ready 2 Rumble Boxing - Round 2 (USA).z64,Zdaw1,GameFAQs,https://gamefaqs.gamespot.com/n64/437242-ready-2-rumble-boxing-round-2/saves,https://gamefaqs.gamespot.com/n64/437242-ready-2-rumble-boxing-round-2/saves/1174,10/13/2001,Nintendo 64 DexDrive Save (North America),All boxers are unlocked,Nintendo 64 DexDrive Save (North America),ready-2-rumble-boxing-round-2.1174.n64,DexDrive .n64 (Controller Pak),originals/_controller_pak/Ready 2 Rumble Boxing Round 2/ready-2-rumble-boxing-round-2.1174.n64,No reposting terms stated in the GameFAQs description or in-file comments.,no
cartridge,Resident Evil 2,Resident Evil 2 (USA) (Rev 1).z64,MattKimura (collection maintainer; original save author not credited),GitHub: MattKimura/Emulator-Saves,https://github.com/MattKimura/Emulator-Saves,https://github.com/MattKimura/Emulator-Saves/blob/6a7b097895ddbcf2fb32ec1491762893386ed762/100%25%20Saves/N64/Resident%20Evil%202.zip,2024-12-23 (commit 36ceb41),100% Saves/N64 (Project64 format),"Hunk and Tofu modes unlocked, all infinite weapons unlocked for arranged mode, and saves for Claire A/B & Leon A/B scenarios (100%)",Not stated,Resident Evil 2.zip -> Resident Evil 2.sra,zip of Project64 save (.sra + unused .mpk),originals/Resident Evil 2/Resident Evil 2.zip,Repo has no license file. README invites downloading the saves; no reposting terms. Original save authors are not credited per file.,no
controller pak,Road Rash 64,Road Rash 64 (USA).z64,madmodder123 (repo),GitHub: madmodder123/retropie_saves,https://github.com/madmodder123/retropie_saves/tree/2848dd20b5c3b4958db6750f098ae1f62f1a2e6e/n64,https://github.com/madmodder123/retropie_saves/blob/2848dd20b5c3b4958db6750f098ae1f62f1a2e6e/n64/Road%20Rash%2064%20(U)%20[!].mpk,,RetroPie .mpk,Not stated,RetroPie .mpk,Road Rash 64 (U) [!].mpk,RetroPie/mupen64plus .mpk,originals/_controller_pak/Road Rash 64/Road Rash 64 (U) [!].mpk,Repo has no license file. README shares the saves so others can skip unlocking; no reposting terms. Original save authors are not credited per file.,no
controller pak,Robotron 64,Robotron 64 (USA).z64,slodeth,GameFAQs,https://gamefaqs.gamespot.com/n64/198501-robotron-64/saves,https://gamefaqs.gamespot.com/n64/198501-robotron-64/saves/859,05/12/2001,Nintendo 64 DexDrive Save (North America),"Saves at lvl200(Easy), lvl200(Hard), and intervalic saves on Normal up to lvl200",Nintendo 64 DexDrive Save (North America),robotron-64.859.n64,DexDrive .n64 (Controller Pak),originals/_controller_pak/Robotron 64/robotron-64.859.n64,No reposting terms stated in the GameFAQs description or in-file comments.,no
controller pak,Rush 2 - Extreme Racing USA,Rush 2 - Extreme Racing USA (USA).z64,madmodder123 (repo),GitHub: madmodder123/retropie_saves,https://github.com/madmodder123/retropie_saves/tree/2848dd20b5c3b4958db6750f098ae1f62f1a2e6e/n64,https://github.com/madmodder123/retropie_saves/blob/2848dd20b5c3b4958db6750f098ae1f62f1a2e6e/n64/Rush%202%20-%20Extreme%20Racing%20USA%20(U)%20[!].mpk,,RetroPie .mpk,Not stated,RetroPie .mpk,Rush 2 - Extreme Racing USA (U) [!].mpk,RetroPie/mupen64plus .mpk,originals/_controller_pak/Rush 2 Extreme Racing USA/Rush 2 - Extreme Racing USA (U) [!].mpk,Repo has no license file. README shares the saves so others can skip unlocking; no reposting terms. Original save authors are not credited per file.,no
controller pak,San Francisco Rush - Extreme Racing,"San Francisco Rush - Extreme Racing (USA) (En,Fr,De) (Rev 1).z64",TenebrusoM,GameFAQs,https://gamefaqs.gamespot.com/n64/198546-san-francisco-rush-extreme-racing/saves,https://gamefaqs.gamespot.com/n64/198546-san-francisco-rush-extreme-racing/saves/1103,09/05/2001,Nintendo 64 DexDrive Save (North America),"100 % all done, everything unlocked",Nintendo 64 DexDrive Save (North America),san-francisco-rush-extreme-racing.1103.n64,DexDrive .n64 (Controller Pak),originals/_controller_pak/San Francisco Rush Extreme Racing/san-francisco-rush-extreme-racing.1103.n64,No reposting terms stated in the GameFAQs description or in-file comments.,no
controller pak,San Francisco Rush 2049,San Francisco Rush 2049 (USA).z64,gapc,GameFAQs,https://gamefaqs.gamespot.com/n64/198529-san-francisco-rush-2049/saves,https://gamefaqs.gamespot.com/n64/198529-san-francisco-rush-2049/saves/24866,01/03/2017,Dreamcast DCI File (Use with Interact/Nexus card) (North America),"Circuit, stunt and obstacle modes completed, all coins, vehicles and parts.",Dreamcast DCI File (Use with Interact/Nexus card) (North America),san-francisco-rush-2049.24866.n64,DexDrive .n64 (Controller Pak),originals/_controller_pak/San Francisco Rush 2049/san-francisco-rush-2049.24866.n64,No reposting terms stated in the GameFAQs description or in-file comments.,no
controller pak,Scooby-Doo! - Classic Creep Capers,Scooby-Doo! - Classic Creep Capers (USA) (Rev 1).z64,AstroBlue,GameFAQs,https://gamefaqs.gamespot.com/n64/374845-scooby-doo-classic-creep-capers/saves,https://gamefaqs.gamespot.com/n64/374845-scooby-doo-classic-creep-capers/saves/1170,10/12/2001,Nintendo 64 DexDrive Save (Europe),Saved just before the Ghoul King trap with lots of Courage.,Nintendo 64 DexDrive Save (Europe),scooby-doo-classic-creep-capers.1170.n64,DexDrive .n64 (Controller Pak),originals/_controller_pak/Scooby-Doo! Classic Creep Capers/scooby-doo-classic-creep-capers.1170.n64,No reposting terms stated in the GameFAQs description or in-file comments.,no
controller pak,Shadow Man,Shadow Man (USA).z64,TenebrusoM,GameFAQs,https://gamefaqs.gamespot.com/n64/198601-shadow-man/saves,https://gamefaqs.gamespot.com/n64/198601-shadow-man/saves/1082,09/04/2001,Nintendo 64 DexDrive Save (North America),Everything completed,Nintendo 64 DexDrive Save (North America),shadow-man.1082.n64,DexDrive .n64 (Controller Pak),originals/_controller_pak/Shadow Man/shadow-man.1082.n64,No reposting terms stated in the GameFAQs description or in-file comments.,no
controller pak,Shadowgate 64 - Trials of the Four Towers,"Shadowgate 64 - Trials of the Four Towers (USA) (En,Es).z64",TerrisUS,GameFAQs,https://gamefaqs.gamespot.com/n64/198608-shadowgate-64-trials-of-the-four-towers/saves,https://gamefaqs.gamespot.com/n64/198608-shadowgate-64-trials-of-the-four-towers/saves/2962,09/23/2003,Nintendo 64 DexDrive Save (North America),Just about to beat the game,Nintendo 64 DexDrive Save (North America),shadowgate-64-trials-of-the-four-towers.2962.n64,DexDrive .n64 (Controller Pak),originals/_controller_pak/Shadowgate 64 Trials of the Four Towers/shadowgate-64-trials-of-the-four-towers.2962.n64,No reposting terms stated in the GameFAQs description or in-file comments.,no
cartridge,Sin and Punishment (Tsumi to Batsu),Tsumi to Batsu - Hoshi no Keishousha (Japan) [T-En by Zoinkity v1.0].z64,AstroBlue,GameFAQs,https://gamefaqs.gamespot.com/n64/366184-sin-and-punishment/saves,https://gamefaqs.gamespot.com/n64/366184-sin-and-punishment/saves/1171,10/12/2001,Nintendo 64 DexDrive Save (Japan),EEPROM Save: Hard Game Level and all options in OPT. menu unlocked.,Not stated (uploaded under Japan; Japanese cartridge),sin-and-punishment.1171.n64,DexDrive .n64 image,originals/Sin and Punishment/sin-and-punishment.1171.n64,No reposting terms stated in the GameFAQs description or in-file comments.,no
controller pak,Snowboard Kids,Snowboard Kids (USA).z64,madmodder123 (repo),GitHub: madmodder123/retropie_saves,https://github.com/madmodder123/retropie_saves/tree/2848dd20b5c3b4958db6750f098ae1f62f1a2e6e/n64,https://github.com/madmodder123/retropie_saves/blob/2848dd20b5c3b4958db6750f098ae1f62f1a2e6e/n64/Snowboard%20Kids%20(U)%20[!].mpk,,RetroPie .mpk,Not stated,RetroPie .mpk,Snowboard Kids (U) [!].mpk,RetroPie/mupen64plus .mpk,originals/_controller_pak/Snowboard Kids/Snowboard Kids (U) [!].mpk,Repo has no license file. README shares the saves so others can skip unlocking; no reposting terms. Original save authors are not credited per file.,no
cartridge,Snowboard Kids 2,Snowboard Kids 2 (USA).z64,madmodder123 (repo owner; original save author not credited),GitHub: madmodder123/retropie_saves,https://github.com/madmodder123/retropie_saves,https://github.com/madmodder123/retropie_saves/blob/2848dd20b5c3b4958db6750f098ae1f62f1a2e6e/n64/Snowboard%20Kids%202%20(U)%20%5B!%5D.eep,2018-05-13 (commit 3d96dc2),n64 (Project64/mupen format),"Not stated per file. Repo README: saves focused on multiplayer content and unlockables (levels, characters, bonus levels).",(U) [!] (GoodN64 USA),Snowboard Kids 2 (U) [!].eep,Project64 .eep,originals/Snowboard Kids 2/Snowboard Kids 2 (U) [!].eep,Repo has no license file. README shares the saves so others can skip unlocking; no reposting terms. Original save authors are not credited per file.,no
controller pak,South Park,South Park (USA).z64,TenebrusoM,GameFAQs,https://gamefaqs.gamespot.com/n64/198710-south-park/saves,https://gamefaqs.gamespot.com/n64/198710-south-park/saves/1088,09/04/2001,Nintendo 64 DexDrive Save (North America),Starts you at final save point in the game,Nintendo 64 DexDrive Save (North America),south-park.1088.n64,DexDrive .n64 (Controller Pak),originals/_controller_pak/South Park/south-park.1088.n64,No reposting terms stated in the GameFAQs description or in-file comments.,no
controller pak,South Park Rally,South Park Rally (USA).z64,madmodder123 (repo),GitHub: madmodder123/retropie_saves,https://github.com/madmodder123/retropie_saves/tree/2848dd20b5c3b4958db6750f098ae1f62f1a2e6e/n64,https://github.com/madmodder123/retropie_saves/blob/2848dd20b5c3b4958db6750f098ae1f62f1a2e6e/n64/South%20Park%20Rally%20(U)%20[!].mpk,,RetroPie .mpk,Not stated,RetroPie .mpk,South Park Rally (U) [!].mpk,RetroPie/mupen64plus .mpk,originals/_controller_pak/South Park Rally/South Park Rally (U) [!].mpk,Repo has no license file. README shares the saves so others can skip unlocking; no reposting terms. Original save authors are not credited per file.,no
controller pak,Space Invaders,Space Invaders (USA).z64,slodeth,GameFAQs,https://gamefaqs.gamespot.com/n64/198723-space-invaders/saves,https://gamefaqs.gamespot.com/n64/198723-space-invaders/saves/866,05/12/2001,Nintendo 64 DexDrive Save (North America),"Classic mode available, saved games at final boss of Expert, Normal, and Maniacal Mode (in that order)",Nintendo 64 DexDrive Save (North America),space-invaders.866.n64,DexDrive .n64 (Controller Pak),originals/_controller_pak/Space Invaders/space-invaders.866.n64,No reposting terms stated in the GameFAQs description or in-file comments.,no
cartridge,Space Station Silicon Valley,SpaceStation Silicon Valley (USA) (Rev 1).z64,grimakis,GameFAQs,https://gamefaqs.gamespot.com/n64/198727-space-station-silicon-valley/saves,https://gamefaqs.gamespot.com/n64/198727-space-station-silicon-valley/saves/23259,09/03/2013,Nintendo 64 DexDrive Save (North America),"100% Power Cells, and all Trophies except Fat Bear Mountain.",Not stated,space-station-silicon-valley.23259.n64,DexDrive .n64 image,originals/Space Station Silicon Valley/space-station-silicon-valley.23259.n64,No reposting terms stated in the GameFAQs description or in-file comments.,no
controller pak,Spider-Man,Spider-Man (USA).z64,TenebrusoM,GameFAQs,https://gamefaqs.gamespot.com/n64/366269-spider-man/saves,https://gamefaqs.gamespot.com/n64/366269-spider-man/saves/1089,09/04/2001,Dreamcast DCI File (Use with Interact/Nexus card) (North America),100% completed,Dreamcast DCI File (Use with Interact/Nexus card) (North America),spider-man.1089.n64,DexDrive .n64 (Controller Pak),originals/_controller_pak/Spider-Man/spider-man.1089.n64,No reposting terms stated in the GameFAQs description or in-file comments.,no
cartridge,Star Fox 64,Star Fox 64 (USA) (Rev 1).z64,TenebrusoM,GameFAQs,https://gamefaqs.gamespot.com/n64/198759-star-fox-64/saves,https://gamefaqs.gamespot.com/n64/198759-star-fox-64/saves/1090,09/04/2001,Nintendo 64 DexDrive Save (North America),"100% completed | In-file DexDrive comment: ""EEPROM:   All medals, expert and normal modes accessible, sound modes accessible, and a neat start-up screen.""",Not stated,star-fox-64.1090.n64,DexDrive .n64 image,originals/Star Fox 64/star-fox-64.1090.n64,No reposting terms stated in the GameFAQs description or in-file comments.,no
cartridge,Star Soldier: Vanishing Earth,Star Soldier - Vanishing Earth (USA).z64,madmodder123 (repo owner; original save author not credited),GitHub: madmodder123/retropie_saves,https://github.com/madmodder123/retropie_saves,https://github.com/madmodder123/retropie_saves/blob/2848dd20b5c3b4958db6750f098ae1f62f1a2e6e/n64/Star%20Soldier%20-%20Vanishing%20Earth%20%28U%29%20%5B%21%5D.eep,2018-05-13 (commit 3d96dc2),n64 (Project64/mupen format),Not stated per file. Repo README: saves focused on multiplayer content and unlockables.,(U) [!] (GoodN64 USA),Star Soldier - Vanishing Earth (U) [!].eep,Project64 .eep,originals/Star Soldier Vanishing Earth/Star Soldier - Vanishing Earth (U) [!].eep,Repo has no license file. README shares the saves so others can skip unlocking; no reposting terms. Original save authors are not credited per file.,no
cartridge,Star Wars Episode I: Battle for Naboo,Star Wars Episode I - Battle for Naboo (USA).z64,AWing_Pilot,GameFAQs,https://gamefaqs.gamespot.com/n64/914230-star-wars-episode-i-battle-for-naboo/saves,https://gamefaqs.gamespot.com/n64/914230-star-wars-episode-i-battle-for-naboo/saves/11669,04/30/2006,Nintendo 64 DexDrive Save (North America),"All levels with Platinum Medals. | In-file DexDrive comment: ""All Levels with Platinum Medals.""",Not stated,star-wars-episode-i-battle-for-naboo.11669.n64,DexDrive .n64 image (truncated),originals/Star Wars Episode I Battle for Naboo/star-wars-episode-i-battle-for-naboo.11669.n64,No reposting terms stated in the GameFAQs description or in-file comments.,no
cartridge,Star Wars Episode I: Racer,Star Wars Episode I - Racer (USA).z64,MattKimura (collection maintainer; original save author not credited),GitHub: MattKimura/Emulator-Saves (index sheet: docs.google.com/spreadsheets/d/1qO3alu1R5jUtkZY4ZE9roMqQS_ee_Yf38PIKJ9THP6Q),https://github.com/MattKimura/Emulator-Saves,https://github.com/MattKimura/Emulator-Saves/blob/6a7b097895ddbcf2fb32ec1491762893386ed762/100%25%20Saves/N64/STAR%20WARS%20EP1%20RACER.eep,2024-12-23 (commit 36ceb41),100% Saves/N64 (Project64 format),"All tracks and pod-racers unlocked (including hidden characters Cy Yunga and Jinn Reeso), all tracks and mirrored tracks placed in 1st, game played and beaten entirely with Anakin Skywalker (100%)",Not stated,STAR WARS EP1 RACER.eep,Project64 .eep,originals/Star Wars Episode I Racer/STAR WARS EP1 RACER.eep,Repo has no license file. README invites downloading the saves; no reposting terms. Original save authors are not credited per file.,no
cartridge,Star Wars: Shadows of the Empire,Star Wars - Shadows of the Empire (USA) (Rev 2).z64,AstroBlue,GameFAQs,https://gamefaqs.gamespot.com/n64/198789-star-wars-shadows-of-the-empire/saves,https://gamefaqs.gamespot.com/n64/198789-star-wars-shadows-of-the-empire/saves/1172,10/12/2001,Nintendo 64 DexDrive Save (Europe),EEPROM Save: All Challenge Points collected on both Medium and Jedi settings.,Not stated (uploaded under Europe),star-wars-shadows-of-the-empire.1172.n64,DexDrive .n64 image,originals/Star Wars Shadows of the Empire/star-wars-shadows-of-the-empire.1172.n64,No reposting terms stated in the GameFAQs description or in-file comments.,no
cartridge,Super Mario 64,Super Mario 64 (USA).z64,JakeGamer2000,GameFAQs,https://gamefaqs.gamespot.com/n64/198848-super-mario-64/saves,https://gamefaqs.gamespot.com/n64/198848-super-mario-64/saves/31112,01/02/2025,Nintendo 64 DexDrive Save (North America),"Ultimate 100% save, all coin collected in all courses, 120 star, all cap switch opened, all area unlocked, basically maxed out all the game needed, including 192rd impossible coin in Tiny-Huge island | In-file DexDrive comment: ""Created with savefileconverter.com""",Not stated,super-mario-64.31112.n64,DexDrive .n64 image,originals/Super Mario 64/super-mario-64.31112.n64,No reposting terms stated in the GameFAQs description or in-file comments. In-file comment says it was converted with savefileconverter.com; original creator not named.,no
cartridge,Super Robot Spirits,Super Robot Spirits (Japan).z64,Cyberlink420,GameFAQs,https://gamefaqs.gamespot.com/n64/562843-super-robot-spirits/saves,https://gamefaqs.gamespot.com/n64/562843-super-robot-spirits/saves/28902,09/15/2023,Nintendo 64 DexDrive Save (Japan),"All characters and costumes unlocked. | In-file DexDrive comment: ""Created with savefileconverter.com""","Not stated (uploaded under Japan, matches ROM region)",super-robot-spirits.28902.n64,DexDrive .n64 image,originals/Super Robot Spirits/super-robot-spirits.28902.n64,No reposting terms stated in the GameFAQs description or in-file comments. In-file comment says it was converted with savefileconverter.com; original creator not named.,no
cartridge,Super Smash Bros.,Super Smash Bros. (USA).z64,ConsummateGamer,GameFAQs,https://gamefaqs.gamespot.com/n64/198854-super-smash-bros/saves,https://gamefaqs.gamespot.com/n64/198854-super-smash-bros/saves/20121,12/22/2009,Wii Game Save File (North America),NALE--all characters and multiplayer stages unlocked as well as the Sound Test and Item Switch options,Wii VC NALE (US release); N64 ROM revision not stated,super-smash-bros.20121.bin,Wii save data.bin (encrypted),originals/Super Smash Bros/super-smash-bros.20121.bin,No reposting terms stated in the GameFAQs description or in-file comments.,no
controller pak,Tarzan,Tarzan (USA).z64,Nintendo-Mike,GameFAQs,https://gamefaqs.gamespot.com/n64/198890-disneys-tarzan/saves,https://gamefaqs.gamespot.com/n64/198890-disneys-tarzan/saves/26081,11/14/2018,Nintendo 64 DexDrive Save (Europe),100% played in heavy or hard game mode. Have fun!,Nintendo 64 DexDrive Save (Europe),disneys-tarzan.26081.n64,DexDrive .n64 (Controller Pak),originals/_controller_pak/Tarzan/disneys-tarzan.26081.n64,No reposting terms stated in the GameFAQs description or in-file comments.,no
cartridge,The Legend of Zelda: Majora's Mask,"Legend of Zelda, The - Majora's Mask (USA).z64",donutmanstorm,GameFAQs,https://gamefaqs.gamespot.com/n64/197770-the-legend-of-zelda-majoras-mask/saves,https://gamefaqs.gamespot.com/n64/197770-the-legend-of-zelda-majoras-mask/saves/19354,06/23/2009,Wii Game Save File (North America),"NARE - 100% Complete! 24 Masks, 6 Bottles, 20 hearts, All Items, All Songs, All Great Fairy Items! Fierce Deity Mask! Bomber's Notebook Complete!",Wii VC NARE (US release); ROM revision not stated,the-legend-of-zelda-majoras-mask.19354.bin,Wii save data.bin (encrypted),originals/The Legend of Zelda Majora's Mask/the-legend-of-zelda-majoras-mask.19354.bin,No reposting terms stated in the GameFAQs description or in-file comments.,no
cartridge,The Legend of Zelda: Ocarina of Time,"Legend of Zelda, The - Ocarina of Time (USA) (Rev 1).z64",JohnThePikachu,GameFAQs,https://gamefaqs.gamespot.com/n64/197771-the-legend-of-zelda-ocarina-of-time/saves,https://gamefaqs.gamespot.com/n64/197771-the-legend-of-zelda-ocarina-of-time/saves/30445,08/14/2024,Wii VC Game Save File (North America),"File 1 - Name: Link, 100% Complete, All 100 Gold Skulltulas Defeated, All Heart Pieces Collected, All Items and Upgrades Obtained","Wii VC NACE (US Wii VC, built on v1.2)",the-legend-of-zelda-ocarina-of-time-1998.30445.bin,Wii save data.bin (encrypted),originals/The Legend of Zelda Ocarina of Time/the-legend-of-zelda-ocarina-of-time-1998.30445.bin,No reposting terms stated in the GameFAQs description or in-file comments.,no
cartridge,The New Tetris,"New Tetris, The (USA).z64",deforres,GameFAQs,https://gamefaqs.gamespot.com/n64/198976-the-new-tetris/saves,https://gamefaqs.gamespot.com/n64/198976-the-new-tetris/saves/31122,01/02/2025,Wii VC Game Save File (North America),"400k lines completed, all wonders except last one unlocked",Not stated,the-new-tetris.31122.bin,Raw 32 KiB SRAM image in Project64 byte order (.bin),originals/The New Tetris/the-new-tetris.31122.bin,No reposting terms stated in the GameFAQs description or in-file comments.,no
cartridge,Tom and Jerry in Fists of Furry,Tom and Jerry in Fists of Furry (USA).z64,SonicStar337,GameFAQs,https://gamefaqs.gamespot.com/n64/437520-tom-and-jerry-in-fists-of-furry/saves,https://gamefaqs.gamespot.com/n64/437520-tom-and-jerry-in-fists-of-furry/saves/1508,02/18/2002,Nintendo 64 DexDrive Save (North America),Every character is unlocked and every stage is unlocked,Not stated,tom-and-jerry-in-fists-of-furry.1508.n64,DexDrive .n64 image (truncated),originals/Tom and Jerry in Fists of Furry/tom-and-jerry-in-fists-of-furry.1508.n64,No reposting terms stated in the GameFAQs description or in-file comments.,no
controller pak,Tonic Trouble,Tonic Trouble (USA) (Rev 1).z64,Nintendo-Mike,GameFAQs,https://gamefaqs.gamespot.com/n64/199055-tonic-trouble/saves,https://gamefaqs.gamespot.com/n64/199055-tonic-trouble/saves/26094,11/27/2018,Nintendo 64 DexDrive Save (Europe),Groghs Kingdom can be reached,Nintendo 64 DexDrive Save (Europe),tonic-trouble.26094.n64,DexDrive .n64 (Controller Pak),originals/_controller_pak/Tonic Trouble/tonic-trouble.26094.n64,No reposting terms stated in the GameFAQs description or in-file comments.,no
controller pak,Tony Hawk's Pro Skater,Tony Hawk's Pro Skater (USA) (Rev 1).z64,TheWholeFnShow,GameFAQs,https://gamefaqs.gamespot.com/n64/199059-tony-hawks-pro-skater/saves,https://gamefaqs.gamespot.com/n64/199059-tony-hawks-pro-skater/saves/903,06/09/2001,Dreamcast DCI File (Use with Interact/Nexus card) (North America),"All the skaters have full stats, 30 tapes, and 3 gold medals. Just load it up and have fun.",Dreamcast DCI File (Use with Interact/Nexus card) (North America),tony-hawks-pro-skater.903.n64,DexDrive .n64 (Controller Pak),originals/_controller_pak/Tony Hawk's Pro Skater/tony-hawks-pro-skater.903.n64,No reposting terms stated in the GameFAQs description or in-file comments.,no
controller pak,Tony Hawk's Pro Skater 2,Tony Hawk's Pro Skater 2 (USA).z64,madmodder123 (repo),GitHub: madmodder123/retropie_saves,https://github.com/madmodder123/retropie_saves/tree/2848dd20b5c3b4958db6750f098ae1f62f1a2e6e/n64,https://github.com/madmodder123/retropie_saves/blob/2848dd20b5c3b4958db6750f098ae1f62f1a2e6e/n64/Tony%20Hawk's%20Pro%20Skater%202%20(U)%20[!].mpk,,RetroPie .mpk,Not stated,RetroPie .mpk,Tony Hawk's Pro Skater 2 (U) [!].mpk,RetroPie/mupen64plus .mpk,originals/_controller_pak/Tony Hawk's Pro Skater 2/Tony Hawk's Pro Skater 2 (U) [!].mpk,Repo has no license file. README shares the saves so others can skip unlocking; no reposting terms. Original save authors are not credited per file.,no
controller pak,Tony Hawk's Pro Skater 3,Tony Hawk's Pro Skater 3 (USA).z64,madmodder123 (repo),GitHub: madmodder123/retropie_saves,https://github.com/madmodder123/retropie_saves/tree/2848dd20b5c3b4958db6750f098ae1f62f1a2e6e/n64,https://github.com/madmodder123/retropie_saves/blob/2848dd20b5c3b4958db6750f098ae1f62f1a2e6e/n64/Tony%20Hawk's%20Pro%20Skater%203%20(U).mpk,,RetroPie .mpk,Not stated,RetroPie .mpk,Tony Hawk's Pro Skater 3 (U).mpk,RetroPie/mupen64plus .mpk,originals/_controller_pak/Tony Hawk's Pro Skater 3/Tony Hawk's Pro Skater 3 (U).mpk,Repo has no license file. README shares the saves so others can skip unlocking; no reposting terms. Original save authors are not credited per file.,no
controller pak,Toy Story 2 - Buzz Lightyear to the Rescue!,Toy Story 2 - Buzz Lightyear to the Rescue! (USA).z64,n64man,GameFAQs,https://gamefaqs.gamespot.com/n64/199097-disney-pixar-toy-story-2-buzz-lightyear-to-the-rescue/saves,https://gamefaqs.gamespot.com/n64/199097-disney-pixar-toy-story-2-buzz-lightyear-to-the-rescue/saves/2011,12/02/2002,Dreamcast DCI File (Use with Interact/Nexus card) (North America),All levels unlocked and all 50 pizza planet tokens earned.,Dreamcast DCI File (Use with Interact/Nexus card) (North America),disney-pixar-toy-story-2-buzz-lightyear-to-the-rescue.2011.n64,DexDrive .n64 (Controller Pak),originals/_controller_pak/Toy Story 2 Buzz Lightyear to the Rescue!/disney-pixar-toy-story-2-buzz-lightyear-to-the-rescue.2011.n64,No reposting terms stated in the GameFAQs description or in-file comments.,no
controller pak,Turok - Dinosaur Hunter,Turok - Dinosaur Hunter (USA) (Rev 2).z64,TenebrusoM,GameFAQs,https://gamefaqs.gamespot.com/n64/199130-turok-dinosaur-hunter/saves,https://gamefaqs.gamespot.com/n64/199130-turok-dinosaur-hunter/saves/1085,09/04/2001,Nintendo 64 DexDrive Save (North America),"ALL Keys, all chronoscepter pieces, all cheats, and starts you at the final save point in the game",Nintendo 64 DexDrive Save (North America),turok-dinosaur-hunter.1085.n64,DexDrive .n64 (Controller Pak),originals/_controller_pak/Turok Dinosaur Hunter/turok-dinosaur-hunter.1085.n64,No reposting terms stated in the GameFAQs description or in-file comments.,no
controller pak,Turok - Rage Wars,Turok - Rage Wars (USA) (Rev 1).z64,DSieli,GameFAQs,https://gamefaqs.gamespot.com/n64/199132-turok-rage-wars/saves,https://gamefaqs.gamespot.com/n64/199132-turok-rage-wars/saves/849,05/02/2001,Nintendo 64 DexDrive Save (North America),"48 medals, all mini-game icons, all cheats, all weapon upgrades and all extra game modes.",Nintendo 64 DexDrive Save (North America),turok-rage-wars.849.n64,DexDrive .n64 (Controller Pak),originals/_controller_pak/Turok Rage Wars/turok-rage-wars.849.n64,No reposting terms stated in the GameFAQs description or in-file comments.,no
controller pak,Turok 2 - Seeds of Evil,Turok 2 - Seeds of Evil (USA) (Rev 1).z64,TenebrusoM,GameFAQs,https://gamefaqs.gamespot.com/n64/199127-turok-2-seeds-of-evil/saves,https://gamefaqs.gamespot.com/n64/199127-turok-2-seeds-of-evil/saves/1084,09/04/2001,Nintendo 64 DexDrive Save (North America),"All keys, Talismans, and nuke pieces and starts you at final save point in the game",Nintendo 64 DexDrive Save (North America),turok-2-seeds-of-evil.1084.n64,DexDrive .n64 (Controller Pak),originals/_controller_pak/Turok 2 Seeds of Evil/turok-2-seeds-of-evil.1084.n64,No reposting terms stated in the GameFAQs description or in-file comments.,no
controller pak,Turok 3 - Shadow of Oblivion,Turok 3 - Shadow of Oblivion (USA).z64,AWing_Pilot,GameFAQs,https://gamefaqs.gamespot.com/n64/199128-turok-3-shadow-of-oblivion/saves,https://gamefaqs.gamespot.com/n64/199128-turok-3-shadow-of-oblivion/saves/11696,04/30/2006,Nintendo 64 DexDrive Save (North America),Start at Final Boss with Joseph.,Nintendo 64 DexDrive Save (North America),turok-3-shadow-of-oblivion.11696.n64,DexDrive .n64 (Controller Pak),originals/_controller_pak/Turok 3 Shadow of Oblivion/turok-3-shadow-of-oblivion.11696.n64,No reposting terms stated in the GameFAQs description or in-file comments.,no
controller pak,Vigilante 8,Vigilante 8 (USA).z64,UNKNOWNY2KBUG12,GameFAQs,https://gamefaqs.gamespot.com/n64/199192-vigilante-8/saves,https://gamefaqs.gamespot.com/n64/199192-vigilante-8/saves/1067,08/27/2001,Nintendo 64 DexDrive Save (North America),Game Completely Beaten,Nintendo 64 DexDrive Save (North America),vigilante-8.1067.n64,DexDrive .n64 (Controller Pak),originals/_controller_pak/Vigilante 8/vigilante-8.1067.n64,No reposting terms stated in the GameFAQs description or in-file comments.,no
controller pak,Virtual Pro Wrestling 2 - Oudou Keishou,Virtual Pro Wrestling 2 - Oudou Keishou (Japan) [T-En by VPW 2 Dojo Beta 3].z64,_sdss9462_,GameFAQs,https://gamefaqs.gamespot.com/n64/576850-virtual-pro-wrestling-2-oudou-keishou/saves,https://gamefaqs.gamespot.com/n64/576850-virtual-pro-wrestling-2-oudou-keishou/saves/355,09/30/2000,Nintendo 64 DexDrive Save (Japan),"Save file contains 16 full Created Wrestlers, (CAWs.) CAWs are of WWF wrestlers.",Nintendo 64 DexDrive Save (Japan),virtual-pro-wrestling-2-oudou-keishou.355.n64,DexDrive .n64 (Controller Pak),originals/_controller_pak/Virtual Pro Wrestling 2 Oudou Keishou/virtual-pro-wrestling-2-oudou-keishou.355.n64,No reposting terms stated in the GameFAQs description or in-file comments.,no
cartridge,Wave Race 64,Wave Race 64 - Kawasaki Jet Ski (USA) (Rev 1).z64,MattKimura (collection maintainer; original save author not credited),GitHub: MattKimura/Emulator-Saves (index sheet: docs.google.com/spreadsheets/d/1qO3alu1R5jUtkZY4ZE9roMqQS_ee_Yf38PIKJ9THP6Q),https://github.com/MattKimura/Emulator-Saves,https://github.com/MattKimura/Emulator-Saves/blob/6a7b097895ddbcf2fb32ec1491762893386ed762/100%25%20Saves/N64/WAVE%20RACE%2064.eep,2024-12-23 (commit 36ceb41),100% Saves/N64 (Project64 format),"All championship modes unlocked including reverse mode, Glacier Coast and Twilight City courses unlocked, and dolphin code unlocked (100%)",Not stated,WAVE RACE 64.eep,Project64 .eep,originals/Wave Race 64/WAVE RACE 64.eep,Repo has no license file. README invites downloading the saves; no reposting terms. Original save authors are not credited per file.,no
controller pak,WCW Backstage Assault,WCW Backstage Assault (USA).z64,Zdaw1,GameFAQs,https://gamefaqs.gamespot.com/n64/367004-wcw-backstage-assault/saves,https://gamefaqs.gamespot.com/n64/367004-wcw-backstage-assault/saves/1224,11/04/2001,Nintendo 64 DexDrive Save (North America),"All wrestlers, costumes, and moves unlocked",Nintendo 64 DexDrive Save (North America),wcw-backstage-assault.1224.n64,DexDrive .n64 (Controller Pak),originals/_controller_pak/WCW Backstage Assault/wcw-backstage-assault.1224.n64,No reposting terms stated in the GameFAQs description or in-file comments.,no
controller pak,WCW Mayhem,WCW Mayhem (USA).z64,nyctenebruso,GameFAQs,https://gamefaqs.gamespot.com/n64/199281-wcw-mayhem/saves,https://gamefaqs.gamespot.com/n64/199281-wcw-mayhem/saves/1003,07/30/2001,Nintendo 64 DexDrive Save (North America),All the hidden wrestlers unlocked.,Nintendo 64 DexDrive Save (North America),wcw-mayhem.1003.n64,DexDrive .n64 (Controller Pak),originals/_controller_pak/WCW Mayhem/wcw-mayhem.1003.n64,No reposting terms stated in the GameFAQs description or in-file comments.,no
controller pak,WCW Nitro,WCW Nitro (USA).z64,n64man,GameFAQs,https://gamefaqs.gamespot.com/n64/199284-wcw-nitro/saves,https://gamefaqs.gamespot.com/n64/199284-wcw-nitro/saves/1998,11/18/2002,Nintendo 64 DexDrive Save (North America),All wrestlers with unfinished programmer and nitro girl wrestlers.,Nintendo 64 DexDrive Save (North America),wcw-nitro.1998.n64,DexDrive .n64 (Controller Pak),originals/_controller_pak/WCW Nitro/wcw-nitro.1998.n64,No reposting terms stated in the GameFAQs description or in-file comments.,no
controller pak,WCW vs. nWo - World Tour,WCW vs. nWo - World Tour (USA) (Rev 1).z64,TenebrusoM,GameFAQs,https://gamefaqs.gamespot.com/n64/199286-wcw-vs-nwo-world-tour/saves,https://gamefaqs.gamespot.com/n64/199286-wcw-vs-nwo-world-tour/saves/1064,08/27/2001,Nintendo 64 DexDrive Save (North America),Every title won and all the secret wrestlers unlocked,Nintendo 64 DexDrive Save (North America),wcw-vs-nwo-world-tour.1064.n64,DexDrive .n64 (Controller Pak),originals/_controller_pak/WCW vs. nWo World Tour/wcw-vs-nwo-world-tour.1064.n64,No reposting terms stated in the GameFAQs description or in-file comments.,no
cartridge,WCW/nWo Revenge,WCW-nWo Revenge (USA).z64,N64AKISaves (uploader; own cart dump),"Internet Archive: ""N64 AKI Game Saves""",https://archive.org/details/n64-aki-game-saves,https://archive.org/download/n64-aki-game-saves/Summercart64/WCW%20nWo%20REVENGE.sav,2024-04-22,Summercart64 folder,A straight dump from my cart with all items unlocked. (Summercart64 versions marked tested.),Not stated,Summercart64/WCW nWo REVENGE.sav,SummerCart64 .sav (native),originals/WCW-nWo Revenge/aki - Summercart64 - WCW nWo REVENGE.sav,"Pack description (N64AKISaves) gives per-save credits and no reposting terms. Pack author: ""I made this.""",no
controller pak,WinBack - Covert Operations,WinBack - Covert Operations (USA).z64,Zdaw1,GameFAQs,https://gamefaqs.gamespot.com/n64/199307-winback-covert-operations/saves,https://gamefaqs.gamespot.com/n64/199307-winback-covert-operations/saves/1282,11/25/2001,Nintendo 64 DexDrive Save (North America),"Sudden Death, Max Power, and Trial modes unlocked, All Hidden Characters unlocked and game beaten on easy, normal, and hard",Nintendo 64 DexDrive Save (North America),winback-covert-operations.1282.n64,DexDrive .n64 (Controller Pak),originals/_controller_pak/WinBack Covert Operations/winback-covert-operations.1282.n64,No reposting terms stated in the GameFAQs description or in-file comments.,no
cartridge,Worms Armageddon,"Worms Armageddon (USA) (En,Fr,Es).z64",madmodder123 (repo owner; original save author not credited),GitHub: madmodder123/retropie_saves,https://github.com/madmodder123/retropie_saves,https://github.com/madmodder123/retropie_saves/blob/2848dd20b5c3b4958db6750f098ae1f62f1a2e6e/n64/Worms%20-%20Armageddon%20%28U%29%20%28M3%29%20%5B%21%5D.eep,2018-05-13 (commit 3d96dc2),n64 (Project64/mupen format),Not stated per file. Repo README: saves focused on multiplayer content and unlockables.,(U) (M3) [!] (GoodN64 USA),Worms - Armageddon (U) (M3) [!].eep,Project64 .eep,originals/Worms Armageddon/Worms - Armageddon (U) (M3) [!].eep,Repo has no license file. README shares the saves so others can skip unlocking; no reposting terms. Original save authors are not credited per file.,no
controller pak,WWF Attitude,WWF Attitude (USA).z64,nyctenebruso,GameFAQs,https://gamefaqs.gamespot.com/n64/199344-wwf-attitude/saves,https://gamefaqs.gamespot.com/n64/199344-wwf-attitude/saves/1002,07/30/2001,Dreamcast DCI File (Use with Interact/Nexus card) (North America),All the hidden wrestlers and cheats unlocked.,Dreamcast DCI File (Use with Interact/Nexus card) (North America),wwf-attitude.1002.n64,DexDrive .n64 (Controller Pak),originals/_controller_pak/WWF Attitude/wwf-attitude.1002.n64,No reposting terms stated in the GameFAQs description or in-file comments.,no
cartridge,WWF No Mercy,WWF No Mercy (USA) (Rev 1).z64,"N64AKISaves (uploader; cart dump, ""99% certain this is a GameShark save"")","Internet Archive: ""N64 AKI Game Saves""",https://archive.org/details/n64-aki-game-saves,https://archive.org/download/n64-aki-game-saves/Summercart64/WWF%20No%20Mercy%20(USA)%20(Rev%201).sav,2024-04-22,Summercart64 folder,All wrestlers unlocked and everything purchased from the SmackDown Mall. No CAWs. Confirmed to work in both revisions 0 and 1. (Summercart64 versions marked tested.),WWF No Mercy (USA) (Rev 1),Summercart64/WWF No Mercy (USA) (Rev 1).sav,SummerCart64 .sav (native),originals/WWF No Mercy/Summercart64 - WWF No Mercy (USA) (Rev 1).sav,"Pack description (N64AKISaves) gives per-save credits and no reposting terms. Pack author: ""I dumped this from my cart.""",no
controller pak,WWF War Zone,WWF War Zone (USA).z64,nyctenebruso,GameFAQs,https://gamefaqs.gamespot.com/n64/199350-wwf-war-zone/saves,https://gamefaqs.gamespot.com/n64/199350-wwf-war-zone/saves/1004,07/30/2001,Nintendo 64 DexDrive Save (North America),All the hidden wrestles and cheats unlocked.,Nintendo 64 DexDrive Save (North America),wwf-war-zone.1004.n64,DexDrive .n64 (Controller Pak),originals/_controller_pak/WWF War Zone/wwf-war-zone.1004.n64,No reposting terms stated in the GameFAQs description or in-file comments.,no
cartridge,WWF WrestleMania 2000,WWF WrestleMania 2000 (USA).z64,DarkSynn337,GameFAQs,https://gamefaqs.gamespot.com/n64/199352-wwf-wrestlemania-2000/saves,https://gamefaqs.gamespot.com/n64/199352-wwf-wrestlemania-2000/saves/29355,03/18/2024,Wii VC Game Save File (North America),"All Characters unlocked, inc. Ho & Dummy, Smokin' Skull AND Light Heavyweight Unlocked - converted from PJ64 to WiiVC",Not stated,wwf-wrestlemania-2000.29355.bin,"Raw 32 KiB SRAM image, native order (.bin)",originals/WWF WrestleMania 2000/wwf-wrestlemania-2000.29355.bin,No reposting terms stated in the GameFAQs description or in-file comments. Uploader converted it from a Project64 save; original creator not named.,no
controller pak,Xena - Warrior Princess - The Talisman of Fate,Xena - Warrior Princess - The Talisman of Fate (USA).z64,ACA,GameFAQs,https://gamefaqs.gamespot.com/n64/199364-xena-warrior-princess-the-talisman-of-fate/saves,https://gamefaqs.gamespot.com/n64/199364-xena-warrior-princess-the-talisman-of-fate/saves/1554,02/20/2002,Nintendo 64 DexDrive Save (North America),This is a save containing Despair as a playable character unlocked by T64.,Nintendo 64 DexDrive Save (North America),xena-warrior-princess-the-talisman-of-fate.1554.n64,DexDrive .n64 (Controller Pak),originals/_controller_pak/Xena Warrior Princess The Talisman of Fate/xena-warrior-princess-the-talisman-of-fate.1554.n64,No reposting terms stated in the GameFAQs description or in-file comments. Uploader credits T64 as the save's creator.,no
cartridge,Yoshi's Story,"Yoshi's Story (USA) (En,Ja).z64",MattKimura (collection maintainer; original save author not credited),GitHub: MattKimura/Emulator-Saves (index sheet: docs.google.com/spreadsheets/d/1qO3alu1R5jUtkZY4ZE9roMqQS_ee_Yf38PIKJ9THP6Q),https://github.com/MattKimura/Emulator-Saves,https://github.com/MattKimura/Emulator-Saves/blob/6a7b097895ddbcf2fb32ec1491762893386ed762/100%25%20Saves/N64/Yoshi%27s%20Story%20(U)%20(M2)%20%5B!%5D.eep,2024-12-23 (commit 36ceb41),100% Saves/N64 (Project64 format),"100% Complete, black and white Yoshis unlocked for story mode, and all stages available for trial mode (100%)","(U) (M2) [!] (GoodN64 USA v1.0, matches ROM)",Yoshi's Story (U) (M2) [!].eep,Project64 .eep,originals/Yoshi's Story/Yoshi's Story (U) (M2) [!].eep,Repo has no license file. README invites downloading the saves; no reposting terms. Original save authors are not credited per file.,no
